table,id,candidate_id,column,base_column,base_value_utc,old_value_utc,new_value_utc,old_value_jst,new_value_jst,diff_minutes
CandidateSettingsHistory,cmphpn44j001t1dpcuf3u7209,cmphpmykx001q1dpccwswnnqe,sentAt,createdAt,2026-05-23T02:09:22.339Z,2026-05-23T11:09:19.000Z,2026-05-23T02:09:19.000Z,2026-05-23 20:09:19 JST,2026-05-23 11:09:19 JST,539.94
CandidateSettingsHistory,cmphziwgo002q1dpcqe5a52vm,cmphziqor002n1dpc6wkv7isr,sentAt,createdAt,2026-05-23T06:46:01.944Z,2026-05-23T15:46:00.000Z,2026-05-23T06:46:00.000Z,2026-05-24 00:46:00 JST,2026-05-23 15:46:00 JST,539.97
CandidateSettingsHistory,cmphzlxx2002u1dpcpu71gvus,cmphzlsjy002r1dpcl75ruwkw,sentAt,createdAt,2026-05-23T06:48:23.798Z,2026-05-23T15:48:22.000Z,2026-05-23T06:48:22.000Z,2026-05-24 00:48:22 JST,2026-05-23 15:48:22 JST,539.97
CandidateSettingsHistory,cmpi4dr5n00361dpcy9ruw2so,cmpi4dlxx00331dpcam47zp79,sentAt,createdAt,2026-05-23T09:01:59.867Z,2026-05-23T18:01:57.000Z,2026-05-23T09:01:57.000Z,2026-05-24 03:01:57 JST,2026-05-23 18:01:57 JST,539.95
CandidateSettingsHistory,cmpi7sd1b003z1dpc9amo7za5,cmpi7s8ke003w1dpcgwsib6xr,sentAt,createdAt,2026-05-23T10:37:20.255Z,2026-05-23T19:37:18.000Z,2026-05-23T10:37:18.000Z,2026-05-24 04:37:18 JST,2026-05-23 19:37:18 JST,539.96
CandidateSettingsHistory,cmpi8w52o00451dpcrr699e2r,cmpi8vzk400421dpcclw0d16h,sentAt,createdAt,2026-05-23T11:08:16.176Z,2026-05-23T20:08:14.000Z,2026-05-23T11:08:14.000Z,2026-05-24 05:08:14 JST,2026-05-23 20:08:14 JST,539.96
CandidateSettingsHistory,cmpiao876004j1dpc1r3s70lg,cmpiao3ka004g1dpctpithqgc,sentAt,createdAt,2026-05-23T11:58:06.210Z,2026-05-23T20:58:04.000Z,2026-05-23T11:58:04.000Z,2026-05-24 05:58:04 JST,2026-05-23 20:58:04 JST,539.96
CandidateSettingsHistory,cmpj4pl4000081dnzozode9s7,cmpj4pexf00051dnz8ezzh9du,sentAt,createdAt,2026-05-24T01:58:58.080Z,2026-05-24T10:58:54.000Z,2026-05-24T01:58:54.000Z,2026-05-24 19:58:54 JST,2026-05-24 10:58:54 JST,539.93
CandidateSettingsHistory,cmpjboa6d001f1dnzmizh68pw,cmpjbo5bw001c1dnzhpc4751q,sentAt,createdAt,2026-05-24T05:13:54.565Z,2026-05-24T14:13:51.000Z,2026-05-24T05:13:51.000Z,2026-05-24 23:13:51 JST,2026-05-24 14:13:51 JST,539.94
CandidateSettingsHistory,cmpje6bbk001x1dnzenedt4a8,cmpje66uc001u1dnzokqusibd,sentAt,createdAt,2026-05-24T06:23:55.088Z,2026-05-24T15:23:52.000Z,2026-05-24T06:23:52.000Z,2026-05-25 00:23:52 JST,2026-05-24 15:23:52 JST,539.95
CandidateSettingsHistory,cmpjei0zq00231dnzlxbslgsr,cmpjehvde00201dnz5u53882b,sentAt,createdAt,2026-05-24T06:33:01.574Z,2026-05-24T15:32:58.000Z,2026-05-24T06:32:58.000Z,2026-05-25 00:32:58 JST,2026-05-24 15:32:58 JST,539.94
CandidateSettingsHistory,cmpjlni2r003b1dnzyq2z1353,cmpjlncyh00381dnz6wi01ace,sentAt,createdAt,2026-05-24T09:53:14.307Z,2026-05-24T18:53:13.000Z,2026-05-24T09:53:13.000Z,2026-05-25 03:53:13 JST,2026-05-24 18:53:13 JST,539.98
CandidateSettingsHistory,cmpjmjhh7003k1dnzrwvun3zu,cmpjmjcp6003h1dnzc3dhmrnr,sentAt,createdAt,2026-05-24T10:18:06.523Z,2026-05-24T19:18:05.000Z,2026-05-24T10:18:05.000Z,2026-05-25 04:18:05 JST,2026-05-24 19:18:05 JST,539.97
CandidateSettingsHistory,cmpkffs6j00061dqpr0l88au5,cmpkff6xa00031dqp4vh54xwb,sentAt,createdAt,2026-05-24T23:47:02.635Z,2026-05-25T08:47:01.000Z,2026-05-24T23:47:01.000Z,2026-05-25 17:47:01 JST,2026-05-25 08:47:01 JST,539.97
CandidateSettingsHistory,cmpkqc0u9001w1dqtd1xfxt44,cmpkqbey5001t1dqtx0ugv7lq,sentAt,createdAt,2026-05-25T04:52:03.009Z,2026-05-25T13:52:01.000Z,2026-05-25T04:52:01.000Z,2026-05-25 22:52:01 JST,2026-05-25 13:52:01 JST,539.97
CandidateSettingsHistory,cmpkr8w4500271dqtw6mzugav,cmpkr8akz00241dqtgog05s3q,sentAt,createdAt,2026-05-25T05:17:36.533Z,2026-05-25T14:17:34.000Z,2026-05-25T05:17:34.000Z,2026-05-25 23:17:34 JST,2026-05-25 14:17:34 JST,539.96
CandidateSettingsHistory,cmpkt0i91002l1dqt0uj4v5gx,cmpkszwl3002i1dqt8o3sprwv,sentAt,createdAt,2026-05-25T06:07:04.549Z,2026-05-25T15:07:02.000Z,2026-05-25T06:07:02.000Z,2026-05-26 00:07:02 JST,2026-05-25 15:07:02 JST,539.96
CandidateSettingsHistory,cmpkviigz00331dqtrbenja3c,cmpkvhwq700301dqtg001i6e7,sentAt,createdAt,2026-05-25T07:17:03.875Z,2026-05-25T16:17:02.000Z,2026-05-25T07:17:02.000Z,2026-05-26 01:17:02 JST,2026-05-25 16:17:02 JST,539.97
CandidateSettingsHistory,cmpl684fc00041dplvitz7jez,cmpl67tss00011dpltij8zguc,sentAt,createdAt,2026-05-25T12:16:54.888Z,2026-05-25T21:16:54.000Z,2026-05-25T12:16:54.000Z,2026-05-26 06:16:54 JST,2026-05-25 21:16:54 JST,539.99
CandidateSettingsHistory,cmpl6re5c000d1dpl076k10gd,cmpl6r33i000a1dplukmvduw2,sentAt,createdAt,2026-05-25T12:31:53.952Z,2026-05-25T21:31:53.000Z,2026-05-25T12:31:53.000Z,2026-05-26 06:31:53 JST,2026-05-25 21:31:53 JST,539.98
CandidateSettingsHistory,cmpr05y26002r1do5riwn4uw2,cmpr04xyt002o1do5bxj4xrdn,sentAt,createdAt,2026-05-29T14:13:52.686Z,2026-05-29T23:13:51.000Z,2026-05-29T14:13:51.000Z,2026-05-30 08:13:51 JST,2026-05-29 23:13:51 JST,539.97
CandidateSettingsHistory,cmpuq7yeo00om1do5v9vidqok,cmpuq47hv00oj1do5xzfshhsp,sentAt,createdAt,2026-06-01T04:46:34.992Z,2026-06-01T13:46:33.000Z,2026-06-01T04:46:33.000Z,2026-06-01 22:46:33 JST,2026-06-01 13:46:33 JST,539.97
CandidateSettingsHistory,cmq7933bw00401dtbh89whduq,cmq79218z003x1dtb4iv1udu7,sentAt,createdAt,2026-06-09T23:07:54.908Z,2026-06-10T08:07:52.000Z,2026-06-09T23:07:52.000Z,2026-06-10 17:07:52 JST,2026-06-10 08:07:52 JST,539.95
CandidateSettingsHistory,cmqz1pgek003q1do5bpi0thbu,cmqz1oivx003n1do5e5echm8v,sentAt,createdAt,2026-06-29T09:58:54.284Z,2026-06-29T18:58:53.000Z,2026-06-29T09:58:53.000Z,2026-06-30 03:58:53 JST,2026-06-29 18:58:53 JST,539.98
CandidateSettingsHistory,cmriks7n8009l1ds76o0eamvo,cmrikp5bk009i1ds7lyw1e26e,sentAt,createdAt,2026-07-13T02:00:32.948Z,2026-07-13T11:00:31.000Z,2026-07-13T02:00:31.000Z,2026-07-13 20:00:31 JST,2026-07-13 11:00:31 JST,539.97
CandidateSettingsHistory,cmrsqi0kc005l1drzdowfoca0,cmrsqg176005i1drz5b2lzxz4,sentAt,createdAt,2026-07-20T04:38:16.668Z,2026-07-20T13:38:14.000Z,2026-07-20T04:38:14.000Z,2026-07-20 22:38:14 JST,2026-07-20 13:38:14 JST,539.96
CandidateSettingsHistory,cmrt6ed3p00d91drz6epjaqpp,cmrt6cf0e00d61drzre84hwp8,sentAt,createdAt,2026-07-20T12:03:20.149Z,2026-07-20T21:03:19.000Z,2026-07-20T12:03:19.000Z,2026-07-21 06:03:19 JST,2026-07-20 21:03:19 JST,539.98
CandidateSettingsHistory,cmrt9nvh801vi1drzix245x8p,cmrt9lxuw01vf1drzug27vemk,sentAt,createdAt,2026-07-20T13:34:42.716Z,2026-07-20T22:34:42.000Z,2026-07-20T13:34:42.000Z,2026-07-21 07:34:42 JST,2026-07-20 22:34:42 JST,539.99
CandidateSettingsHistory,cmrtvl11000291douliktp8sr,cmrtvivqh00261doud6yhn3st,sentAt,createdAt,2026-07-20T23:48:21.492Z,2026-07-21T08:48:20.000Z,2026-07-20T23:48:20.000Z,2026-07-21 17:48:20 JST,2026-07-21 08:48:20 JST,539.98
CandidateSettingsHistory,cmru4wmev007p1dprgud5kw51,cmru4uhmg007g1dprofze69xv,sentAt,createdAt,2026-07-21T04:09:18.967Z,2026-07-21T13:09:17.000Z,2026-07-21T04:09:17.000Z,2026-07-21 22:09:17 JST,2026-07-21 13:09:17 JST,539.97
CandidateSettingsHistory,cmru8zbvo009i1dprlr9gswb8,cmru8xbi1009e1dpr8g2r721z,sentAt,createdAt,2026-07-21T06:03:23.748Z,2026-07-21T15:03:21.000Z,2026-07-21T06:03:21.000Z,2026-07-22 00:03:21 JST,2026-07-21 15:03:21 JST,539.95
CandidateSettingsHistory,cmrud8znu00d51dpr9zzzhobt,cmrud7svw00d21dprsxzpzv8b,sentAt,createdAt,2026-07-21T08:02:52.938Z,2026-07-21T17:02:51.000Z,2026-07-21T08:02:51.000Z,2026-07-22 02:02:51 JST,2026-07-21 17:02:51 JST,539.97
CandidateSettingsHistory,cmrudcqzn00dq1dprveysp158,cmrudan9d00dn1dprvbuu6h4l,sentAt,createdAt,2026-07-21T08:05:48.323Z,2026-07-21T17:05:45.000Z,2026-07-21T08:05:45.000Z,2026-07-22 02:05:45 JST,2026-07-21 17:05:45 JST,539.94
CandidateSettingsHistory,cmrudmitb00dw1dprg1l66akh,cmrudke8100dt1dpr4mc0eki4,sentAt,createdAt,2026-07-21T08:13:24.287Z,2026-07-21T17:13:22.000Z,2026-07-21T08:13:22.000Z,2026-07-22 02:13:22 JST,2026-07-21 17:13:22 JST,539.96
CandidateSettingsHistory,cmrudnf6j00dx1dprrhsy9mwq,cmrudke8100dt1dpr4mc0eki4,sentAt,createdAt,2026-07-21T08:14:06.235Z,2026-07-21T17:14:03.000Z,2026-07-21T08:14:03.000Z,2026-07-22 02:14:03 JST,2026-07-21 17:14:03 JST,539.95
CandidateSettingsHistory,cmruh0ksh00061dk95wap98xm,cmrugyk8i00031dk9niezf3rw,sentAt,createdAt,2026-07-21T09:48:18.881Z,2026-07-21T18:48:17.000Z,2026-07-21T09:48:17.000Z,2026-07-22 03:48:17 JST,2026-07-21 18:48:17 JST,539.97
CandidateSettingsHistory,cmrvid51m00hy1do4dm21gw8k,cmrviakca00hv1do4itgzx3kp,sentAt,createdAt,2026-07-22T03:13:50.794Z,2026-07-22T12:13:48.000Z,2026-07-22T03:13:48.000Z,2026-07-22 21:13:48 JST,2026-07-22 12:13:48 JST,539.95
CandidateSettingsHistory,cmrvno1m300t01do47w448lg8,cmrvnnhdw00sx1do42coulf3o,sentAt,createdAt,2026-07-22T05:42:17.643Z,2026-07-22T14:42:16.000Z,2026-07-22T05:42:16.000Z,2026-07-22 23:42:16 JST,2026-07-22 14:42:16 JST,539.97
CandidateSettingsHistory,cmrwseneb00390xpk07q3gxn8,cmrwsdjes00360xpkbz2mzc08,sentAt,createdAt,2026-07-23T00:42:43.571Z,2026-07-23T09:42:41.000Z,2026-07-23T00:42:41.000Z,2026-07-23 18:42:41 JST,2026-07-23 09:42:41 JST,539.96
CandidateSettingsHistory,cmrwvtw4q000t0xo75eqnlfyy,cmrwvrkic000q0xo73t6eew99,sentAt,createdAt,2026-07-23T02:18:33.578Z,2026-07-23T11:18:32.000Z,2026-07-23T02:18:32.000Z,2026-07-23 20:18:32 JST,2026-07-23 11:18:32 JST,539.97
CandidateSettingsHistory,cmrwwcv4f00150xo7teqwjn4a,cmrwwarjw00110xo7ffajc4wn,sentAt,createdAt,2026-07-23T02:33:18.735Z,2026-07-23T11:33:16.000Z,2026-07-23T02:33:16.000Z,2026-07-23 20:33:16 JST,2026-07-23 11:33:16 JST,539.95
CandidateSettingsHistory,cmrwxzthi00110xrnj0gcx77o,cmrwxwzwx000y0xrnl9i0ngtc,sentAt,createdAt,2026-07-23T03:19:09.318Z,2026-07-23T12:19:06.000Z,2026-07-23T03:19:06.000Z,2026-07-23 21:19:06 JST,2026-07-23 12:19:06 JST,539.94
CandidateSettingsHistory,cmrwyi5u1001q0xrn5hov9p0l,cmrwyg5b8001n0xrnmemyvi07,sentAt,createdAt,2026-07-23T03:33:25.129Z,2026-07-23T12:33:21.000Z,2026-07-23T03:33:21.000Z,2026-07-23 21:33:21 JST,2026-07-23 12:33:21 JST,539.93
CandidateSettingsHistory,cmrx0ac88005v0xrn61lsebw1,cmrx08cx1005k0xrn0qkdn62g,sentAt,createdAt,2026-07-23T04:23:19.400Z,2026-07-23T13:23:17.000Z,2026-07-23T04:23:17.000Z,2026-07-23 22:23:17 JST,2026-07-23 13:23:17 JST,539.96
CandidateSettingsHistory,cmrx0n6tg006y0xrnhzte2i5q,cmrx0l7bo006v0xrn19umrzyr,sentAt,createdAt,2026-07-23T04:33:18.916Z,2026-07-23T13:33:17.000Z,2026-07-23T04:33:17.000Z,2026-07-23 22:33:17 JST,2026-07-23 13:33:17 JST,539.97
CandidateSettingsHistory,cmrx0tk9i00750xrnmpd75ren,cmrx0rkip00720xrnxxql4tba,sentAt,createdAt,2026-07-23T04:38:16.278Z,2026-07-23T13:38:12.000Z,2026-07-23T04:38:12.000Z,2026-07-23 22:38:12 JST,2026-07-23 13:38:12 JST,539.93
CandidateSettingsHistory,cmrxioibj01bz0xrnnpzt0pet,cmrximjjr01bw0xrnje5lvpgu,sentAt,createdAt,2026-07-23T12:58:13.567Z,2026-07-23T21:58:12.000Z,2026-07-23T12:58:12.000Z,2026-07-24 06:58:12 JST,2026-07-23 21:58:12 JST,539.97
CandidateSettingsHistory,cmryf0rip03fv0xrnhdqie7do,cmryeyr5w03fs0xrn50mdq9p8,sentAt,createdAt,2026-07-24T04:03:33.073Z,2026-07-24T13:03:31.000Z,2026-07-24T04:03:31.000Z,2026-07-24 22:03:31 JST,2026-07-24 13:03:31 JST,539.97
CandidateSettingsHistory,cmryn33l603m70xrnei2eg2yr,cmrymzvrj03m30xrn19iv70w9,sentAt,createdAt,2026-07-24T07:49:18.954Z,2026-07-24T16:49:16.000Z,2026-07-24T07:49:16.000Z,2026-07-25 01:49:16 JST,2026-07-24 16:49:16 JST,539.95
CandidateSettingsHistory,cmryrkj4403t50xrn1us5groi,cmryrii0h03t20xrnlihsaabc,sentAt,createdAt,2026-07-24T09:54:50.692Z,2026-07-24T18:54:50.000Z,2026-07-24T09:54:50.000Z,2026-07-25 03:54:50 JST,2026-07-24 18:54:50 JST,539.99
CandidateSettingsHistory,cmryvfxg503xd0xrnvvu95661,cmryvdvks03x30xrnmmylcwpm,sentAt,createdAt,2026-07-24T11:43:14.453Z,2026-07-24T20:43:11.000Z,2026-07-24T11:43:11.000Z,2026-07-25 05:43:11 JST,2026-07-24 20:43:11 JST,539.94
CandidateSettingsHistory,cmrzowql8005o0xobpiym7x50,cmrzoutfx005l0xobzxy4hb98,sentAt,createdAt,2026-07-25T01:28:07.580Z,2026-07-25T10:28:06.000Z,2026-07-25T01:28:06.000Z,2026-07-25 19:28:06 JST,2026-07-25 10:28:06 JST,539.97
CandidateSettingsHistory,cmrzqc7qe00660xobe01c9uo6,cmrzqaa3o00630xobjawrumpx,sentAt,createdAt,2026-07-25T02:08:09.254Z,2026-07-25T11:08:08.000Z,2026-07-25T02:08:08.000Z,2026-07-25 20:08:08 JST,2026-07-25 11:08:08 JST,539.98
CandidateSettingsHistory,cmrzy73w300ce0xobyjise985,cmrzy55hk00cb0xob92uf6oo3,sentAt,createdAt,2026-07-25T05:48:07.923Z,2026-07-25T14:48:04.000Z,2026-07-25T05:48:04.000Z,2026-07-25 23:48:04 JST,2026-07-25 14:48:04 JST,539.93
CandidateSettingsHistory,cms0chii200ir0xobrswcnf2w,cms0cfk1f00io0xob5ieps9sv,sentAt,createdAt,2026-07-25T12:28:08.042Z,2026-07-25T21:28:05.000Z,2026-07-25T12:28:05.000Z,2026-07-26 06:28:05 JST,2026-07-25 21:28:05 JST,539.95
CandidateSettingsHistory,cms0iwyen02b10xobp124udwv,cms0iuzfd02ay0xobxrfnrxy4,sentAt,createdAt,2026-07-25T15:28:06.191Z,2026-07-26T00:28:03.000Z,2026-07-25T15:28:03.000Z,2026-07-26 09:28:03 JST,2026-07-26 00:28:03 JST,539.95
CandidateSettingsHistory,cms1qof1k034m0xobg7ch14rz,cms1qmgaq034j0xobf5puxe86,sentAt,createdAt,2026-07-26T11:53:10.952Z,2026-07-26T20:53:09.000Z,2026-07-26T11:53:09.000Z,2026-07-27 05:53:09 JST,2026-07-26 20:53:09 JST,539.97
CandidateSettingsHistory,cms2b7ubq051t0xob1vp2qtak,cms2b5vyn051g0xob04coh263,sentAt,createdAt,2026-07-26T21:28:09.542Z,2026-07-27T06:28:08.000Z,2026-07-26T21:28:08.000Z,2026-07-27 15:28:08 JST,2026-07-27 06:28:08 JST,539.97
CandidateSettingsHistory,cms2j9f6t00050xmo0jd1khnr,cms2j7g2x00020xmos5ozo0jn,sentAt,createdAt,2026-07-27T01:13:20.165Z,2026-07-27T10:13:19.000Z,2026-07-27T01:13:19.000Z,2026-07-27 19:13:19 JST,2026-07-27 10:13:19 JST,539.98
CandidateSettingsHistory,cms2jtahn000d0xmobq45sk6k,cms2jqq5p000a0xmoqnx5xl5c,sentAt,createdAt,2026-07-27T01:28:47.195Z,2026-07-27T10:28:46.000Z,2026-07-27T01:28:46.000Z,2026-07-27 19:28:46 JST,2026-07-27 10:28:46 JST,539.98
CandidateSettingsHistory,cms2p5nn900860xmoiaui0ud5,cms2p3pca00820xmoglctfuld,sentAt,createdAt,2026-07-27T03:58:22.197Z,2026-07-27T12:58:20.000Z,2026-07-27T03:58:20.000Z,2026-07-27 21:58:20 JST,2026-07-27 12:58:20 JST,539.96
CandidateSettingsHistory,cms2piv0o008g0xmoi5bylm5e,cms2pgjwe008d0xmork7jijjn,sentAt,createdAt,2026-07-27T04:08:38.280Z,2026-07-27T13:08:36.000Z,2026-07-27T04:08:36.000Z,2026-07-27 22:08:36 JST,2026-07-27 13:08:36 JST,539.96
CandidateSettingsHistory,cms33lffe010n0xmotlj3caub,cms33kae7010h0xmot6p649ca,sentAt,createdAt,2026-07-27T10:42:32.666Z,2026-07-27T19:42:32.000Z,2026-07-27T10:42:32.000Z,2026-07-28 04:42:32 JST,2026-07-27 19:42:32 JST,539.99
CandidateSettingsHistory,cms37l38801660xmog7h23px7,cms37j1lw01600xmotazcuour,sentAt,createdAt,2026-07-27T12:34:15.320Z,2026-07-27T21:34:14.000Z,2026-07-27T12:34:14.000Z,2026-07-28 06:34:14 JST,2026-07-27 21:34:14 JST,539.98
CandidateSettingsHistory,cms39q8my02q10xmoyj34rscl,cms39oauh02pu0xmo8zafsw74,sentAt,createdAt,2026-07-27T13:34:14.842Z,2026-07-27T22:34:14.000Z,2026-07-27T13:34:14.000Z,2026-07-28 07:34:14 JST,2026-07-27 22:34:14 JST,539.99
CandidateSettingsHistory,cms3bh1ui02uk0xmof6smt4b2,cms3bf43h02uc0xmozsx2euz0,sentAt,createdAt,2026-07-27T14:23:05.370Z,2026-07-27T23:23:04.000Z,2026-07-27T14:23:04.000Z,2026-07-28 08:23:04 JST,2026-07-27 23:23:04 JST,539.98
CandidateSettingsHistory,cms3urpgo002i0xqvwmihkkc9,cms3uppl5002f0xqvll9gt76l,sentAt,createdAt,2026-07-27T23:23:15.240Z,2026-07-28T08:23:14.000Z,2026-07-27T23:23:14.000Z,2026-07-28 17:23:14 JST,2026-07-28 08:23:14 JST,539.98
CandidateSettingsHistory,cms41x9zm001i0xp488gl6u8q,cms41v0pz001f0xp4fqrhq2dq,sentAt,createdAt,2026-07-28T02:43:32.434Z,2026-07-28T11:43:30.000Z,2026-07-28T02:43:30.000Z,2026-07-28 20:43:30 JST,2026-07-28 11:43:30 JST,539.96
CandidateSettingsHistory,cms4ahr7l002n0xoh01xv3oi9,cms4afo7h002k0xohms39ny7i,sentAt,createdAt,2026-07-28T06:43:24.801Z,2026-07-28T15:43:22.000Z,2026-07-28T06:43:22.000Z,2026-07-29 00:43:22 JST,2026-07-28 15:43:22 JST,539.95
CandidateSettingsHistory,cms6sofag030q0xm9eciixs46,cms6sndcu030j0xm95v024fvc,sentAt,createdAt,2026-07-30T00:48:01.384Z,2026-07-30T09:48:00.000Z,2026-07-30T00:48:00.000Z,2026-07-30 18:48:00 JST,2026-07-30 09:48:00 JST,539.98
CandidateSettingsHistory,cms6x5tth03790xm94es6m07j,cms6x3dqg03750xm9ifckh8no,sentAt,createdAt,2026-07-30T02:53:31.829Z,2026-07-30T11:53:30.000Z,2026-07-30T02:53:30.000Z,2026-07-30 20:53:30 JST,2026-07-30 11:53:30 JST,539.97
CandidateSettingsHistory,cms7k9yb703xz0xm9rymzq3ju,cms7k80mg03xw0xm944nyro6n,sentAt,createdAt,2026-07-30T13:40:35.443Z,2026-07-30T22:40:34.000Z,2026-07-30T13:40:34.000Z,2026-07-31 07:40:34 JST,2026-07-30 22:40:34 JST,539.98
CandidateSettingsHistory,cms7nm6no041i0xm9pqml6nv4,cms7nk8pp041f0xm9mlq4vjlj,sentAt,createdAt,2026-07-30T15:14:04.980Z,2026-07-31T00:14:04.000Z,2026-07-30T15:14:04.000Z,2026-07-31 09:14:04 JST,2026-07-31 00:14:04 JST,539.98
CandidateSettingsHistory,cms98qlls06k30xm9rr2cmuoz,cms98oo1306k00xm96awdcvkv,sentAt,createdAt,2026-07-31T17:53:09.088Z,2026-08-01T02:53:08.000Z,2026-07-31T17:53:08.000Z,2026-08-01 11:53:08 JST,2026-08-01 02:53:08 JST,539.98
CandidateSettingsHistory,cms9kj0ra06zk0xm9ewml3mx2,cms9kh24506zh0xm9plb12j63,sentAt,createdAt,2026-07-31T23:23:10.870Z,2026-08-01T08:23:10.000Z,2026-07-31T23:23:10.000Z,2026-08-01 17:23:10 JST,2026-08-01 08:23:10 JST,539.99
CandidateSettingsHistory,cms9vyl2l07yn0xm9tpjgk5wi,cms9vwhjn07yd0xm9c321p6i9,sentAt,createdAt,2026-08-01T04:43:12.813Z,2026-08-01T13:43:12.000Z,2026-08-01T04:43:12.000Z,2026-08-01 22:43:12 JST,2026-08-01 13:43:12 JST,539.99
CandidateSettingsHistory,cmsa08wlh081m0xm92ce69rys,cmsa06y24081j0xm9icr04sgs,sentAt,createdAt,2026-08-01T06:43:12.773Z,2026-08-01T15:43:12.000Z,2026-08-01T06:43:12.000Z,2026-08-02 00:43:12 JST,2026-08-01 15:43:12 JST,539.99
CandidateSettingsHistory,cmsafzo1x08x20xm9qpyir0z0,cmsafxpk708wz0xm9skhec95d,sentAt,createdAt,2026-08-01T14:03:55.653Z,2026-08-01T23:03:55.000Z,2026-08-01T14:03:55.000Z,2026-08-02 08:03:55 JST,2026-08-01 23:03:55 JST,539.99
CandidateSettingsHistory,cmsbcb9pv00410xl4t6g6kmoa,cmsbc9bif003y0xl4btcjq8dq,sentAt,createdAt,2026-08-02T05:08:44.659Z,2026-08-02T14:08:44.000Z,2026-08-02T05:08:44.000Z,2026-08-02 23:08:44 JST,2026-08-02 14:08:44 JST,539.99
CandidateSettingsHistory,cmscf2vlc000s0xlir832t5g0,cmscf0x0z000n0xlidy2o8q37,sentAt,createdAt,2026-08-02T23:13:58.128Z,2026-08-03T08:13:57.000Z,2026-08-02T23:13:57.000Z,2026-08-03 17:13:57 JST,2026-08-03 08:13:57 JST,539.98
CandidateSettingsHistory,cmscmpdnl004l0xpk7b715qoj,cmscmobj0004a0xpkknytj2vw,sentAt,createdAt,2026-08-03T02:47:25.281Z,2026-08-03T11:47:24.000Z,2026-08-03T02:47:24.000Z,2026-08-03 20:47:24 JST,2026-08-03 11:47:24 JST,539.98
CandidateSettingsHistory,cmsd1xotj00jq0xpkssmfb27d,cmsd1vo7n00jn0xpk2no35rst,sentAt,createdAt,2026-08-03T09:53:47.239Z,2026-08-03T18:53:46.000Z,2026-08-03T09:53:46.000Z,2026-08-04 03:53:46 JST,2026-08-03 18:53:46 JST,539.98
CandidateSettingsHistory,cmsdb0vm701jh0xqo66orfaec,cmsdaywrx01ja0xqoiyys19ya,sentAt,createdAt,2026-08-03T14:08:12.559Z,2026-08-03T23:08:12.000Z,2026-08-03T14:08:12.000Z,2026-08-04 08:08:12 JST,2026-08-03 23:08:12 JST,539.99
CandidateSettingsHistory,cmsdu5rzu01pt0xqoyz8vspdl,cmsdu3tp201pm0xqoo0l19sb7,sentAt,createdAt,2026-08-03T23:03:53.850Z,2026-08-04T08:03:53.000Z,2026-08-03T23:03:53.000Z,2026-08-04 17:03:53 JST,2026-08-04 08:03:53 JST,539.99
CandidateSettingsHistory,cmsdvqrwj01rn0xqo23qdzoqk,cmsdvos2q01rh0xqow8c2v681,sentAt,createdAt,2026-08-03T23:48:13.123Z,2026-08-04T08:48:12.000Z,2026-08-03T23:48:12.000Z,2026-08-04 17:48:12 JST,2026-08-04 08:48:12 JST,539.98
CandidateSettingsHistory,cmsdvwv4t01s20xqomq24d80b,cmsdvuwv401rt0xqotu1l3lls,sentAt,createdAt,2026-08-03T23:52:57.245Z,2026-08-04T08:52:56.000Z,2026-08-03T23:52:56.000Z,2026-08-04 17:52:56 JST,2026-08-04 08:52:56 JST,539.98
CandidateSettingsHistory,cmsdxpc6p00140xqepnudybyr,cmsdxnd5y000u0xqemgni8nrh,sentAt,createdAt,2026-08-04T00:43:05.329Z,2026-08-04T09:43:04.000Z,2026-08-04T00:43:04.000Z,2026-08-04 18:43:04 JST,2026-08-04 09:43:04 JST,539.98
CandidateSettingsHistory,cmse08i61009h0xqe67sth705,cmse05ios009a0xqeoeux8ov6,sentAt,createdAt,2026-08-04T01:53:58.777Z,2026-08-04T10:53:58.000Z,2026-08-04T01:53:58.000Z,2026-08-04 19:53:58 JST,2026-08-04 10:53:58 JST,539.99
CandidateSettingsHistory,cmse3338z00ia0xqe4fdxeg1o,cmse30ffo00i50xqeia35mdw3,sentAt,createdAt,2026-08-04T03:13:45.011Z,2026-08-04T12:13:44.000Z,2026-08-04T03:13:44.000Z,2026-08-04 21:13:44 JST,2026-08-04 12:13:44 JST,539.98
CandidateSettingsHistory,cmse9i07u00670xo4iv1of7gt,cmse9fvwh00610xo4x419emns,sentAt,createdAt,2026-08-04T06:13:18.618Z,2026-08-04T15:13:17.000Z,2026-08-04T06:13:17.000Z,2026-08-05 00:13:17 JST,2026-08-04 15:13:17 JST,539.97
CandidateSettingsHistory,cmseb3nn400ay0xo4puk61f0e,cmseb1oyh00av0xo4jetf2d91,sentAt,createdAt,2026-08-04T06:58:08.368Z,2026-08-04T15:58:08.000Z,2026-08-04T06:58:08.000Z,2026-08-05 00:58:08 JST,2026-08-04 15:58:08 JST,539.99
CandidateSettingsHistory,cmsebzsp600cv0xo4j9dl6ddh,cmsebxtis00cs0xo4xj0iyfof,sentAt,createdAt,2026-08-04T07:23:07.914Z,2026-08-04T16:23:07.000Z,2026-08-04T07:23:07.000Z,2026-08-05 01:23:07 JST,2026-08-04 16:23:07 JST,539.98
CandidateSettingsHistory,cmsfh3jy300bw0xqdf6pzna4w,cmsfh1liv00bt0xqd5gcaugx2,sentAt,createdAt,2026-08-05T02:33:47.451Z,2026-08-05T11:33:47.000Z,2026-08-05T02:33:47.000Z,2026-08-05 20:33:47 JST,2026-08-05 11:33:47 JST,539.99
CandidateSettingsHistory,cmsfkh17a000o0xmkej17vboo,cmsfkf053000l0xmk2245yp2t,sentAt,createdAt,2026-08-05T04:08:15.190Z,2026-08-05T13:08:15.000Z,2026-08-05T04:08:15.000Z,2026-08-05 22:08:15 JST,2026-08-05 13:08:15 JST,540.00
CandidateSettingsHistory,cmsft8z3500100xqribl5zrzj,cmsft62ho000x0xqrxliyqwt3,sentAt,createdAt,2026-08-05T08:13:55.745Z,2026-08-05T17:13:55.000Z,2026-08-05T08:13:55.000Z,2026-08-06 02:13:55 JST,2026-08-05 17:13:55 JST,539.99
CandidateSettingsHistory,cmsfyl07400950xqr484drtku,cmsfyivya008v0xqrbc9nq8pn,sentAt,createdAt,2026-08-05T10:43:15.135Z,2026-08-05T19:43:15.000Z,2026-08-05T10:43:15.000Z,2026-08-06 04:43:15 JST,2026-08-05 19:43:15 JST,540.00
CandidateSettingsHistory,cmsgo586d000c0xl5a7xgwayg,cmsgo392c00090xl5o6ro9zsc,sentAt,createdAt,2026-08-05T22:38:48.997Z,2026-08-06T07:38:47.000Z,2026-08-05T22:38:47.000Z,2026-08-06 16:38:47 JST,2026-08-06 07:38:47 JST,539.97
CandidateSettingsHistory,cmsgq35xv001x0xsdb3jayftm,cmsgq16ur001k0xsddsmxjscb,sentAt,createdAt,2026-08-05T23:33:12.019Z,2026-08-06T08:33:11.000Z,2026-08-05T23:33:11.000Z,2026-08-06 17:33:11 JST,2026-08-06 08:33:11 JST,539.98
CandidateSettingsHistory,cmsgqn8h000n30xsd0xpbu3mx,cmsgqkezr00jj0xsdrnwofbm4,sentAt,createdAt,2026-08-05T23:48:48.420Z,2026-08-06T08:48:47.000Z,2026-08-05T23:48:47.000Z,2026-08-06 17:48:47 JST,2026-08-06 08:48:47 JST,539.98
CandidateSettingsHistory,cmsgqqoc100qa0xsduvl6zo1p,cmsgqoqpe00og0xsd2wr0mknj,sentAt,createdAt,2026-08-05T23:51:28.945Z,2026-08-06T08:51:28.000Z,2026-08-05T23:51:28.000Z,2026-08-06 17:51:28 JST,2026-08-06 08:51:28 JST,539.98
CandidateSettingsHistory,cmsh3v28c00ay0xmna001atgs,cmsh3t0vv00am0xmn0jkcd60u,sentAt,createdAt,2026-08-06T05:58:48.588Z,2026-08-06T14:58:48.000Z,2026-08-06T05:58:48.000Z,2026-08-06 23:58:48 JST,2026-08-06 14:58:48 JST,539.99
CandidateSettingsHistory,cmshas4ap00d80xr9sf3zs9vv,cmshar2bo00d50xr9tynokuns,sentAt,createdAt,2026-08-06T09:12:28.609Z,2026-08-06T18:12:28.000Z,2026-08-06T09:12:28.000Z,2026-08-07 03:12:28 JST,2026-08-06 18:12:28 JST,539.99
CandidateSettingsHistory,cmshc8deb00dr0xr9ru3cqqp6,cmshc6eus00do0xr9wbp0pgvo,sentAt,createdAt,2026-08-06T09:53:06.515Z,2026-08-06T18:53:05.000Z,2026-08-06T09:53:05.000Z,2026-08-07 03:53:05 JST,2026-08-06 18:53:05 JST,539.97
CandidateSettingsHistory,cmshclckq00dy0xr935t6er8n,cmshcjcuc00dv0xr90e34ey4w,sentAt,createdAt,2026-08-06T10:03:11.978Z,2026-08-06T19:03:11.000Z,2026-08-06T10:03:11.000Z,2026-08-07 04:03:11 JST,2026-08-06 19:03:11 JST,539.98
CandidateSettingsHistory,cmshhle2i00lc0xr96o0auv6k,cmshhjf4a00l00xr98nf2ui3o,sentAt,createdAt,2026-08-06T12:23:11.994Z,2026-08-06T21:23:11.000Z,2026-08-06T12:23:11.000Z,2026-08-07 06:23:11 JST,2026-08-06 21:23:11 JST,539.98
CandidateSettingsHistory,cmshi4hhl00mr0xr9jd2kkym5,cmshi2iq000mi0xr9lo3a864r,sentAt,createdAt,2026-08-06T12:38:02.889Z,2026-08-06T21:38:02.000Z,2026-08-06T12:38:02.000Z,2026-08-07 06:38:02 JST,2026-08-06 21:38:02 JST,539.99
CandidateSettingsHistory,cmsiddvs900mq0xour3sdd061,cmsidbukq00mi0xou8xwfr97t,sentAt,createdAt,2026-08-07T03:13:09.417Z,2026-08-07T12:13:09.000Z,2026-08-07T03:13:09.000Z,2026-08-07 21:13:09 JST,2026-08-07 12:13:09 JST,539.99
CandidateSettingsHistory,cmsihv00n00s40xouzsizxhk9,cmsihspx200s10xou539otcg6,sentAt,createdAt,2026-08-07T05:18:26.519Z,2026-08-07T14:18:25.000Z,2026-08-07T05:18:25.000Z,2026-08-07 23:18:25 JST,2026-08-07 14:18:25 JST,539.97
CandidateSettingsHistory,cmsikddp000380xp8tnh7epnm,cmsikavbo00310xp8eq69cjz1,sentAt,createdAt,2026-08-07T06:28:43.284Z,2026-08-07T15:28:43.000Z,2026-08-07T06:28:43.000Z,2026-08-08 00:28:43 JST,2026-08-07 15:28:43 JST,540.00
CandidateSettingsHistory,cmsjrf8ox00580xl2yc4s9rsc,cmsjrd9zw00550xl2z6m3biiz,sentAt,createdAt,2026-08-08T02:33:53.601Z,2026-08-08T11:33:53.000Z,2026-08-08T02:33:53.000Z,2026-08-08 20:33:53 JST,2026-08-08 11:33:53 JST,539.99
CandidateSettingsHistory,cmsjt6tee005v0xl28ycf0wny,cmsjt4tni005s0xl2qz33i9d3,sentAt,createdAt,2026-08-08T03:23:19.766Z,2026-08-08T12:23:19.000Z,2026-08-08T03:23:19.000Z,2026-08-08 21:23:19 JST,2026-08-08 12:23:19 JST,539.99
CandidateSettingsHistory,cmsjufmbo00730xl23p23wqzc,cmsjudo1y006u0xl2f1xbsb5s,sentAt,createdAt,2026-08-08T03:58:10.116Z,2026-08-08T12:58:10.000Z,2026-08-08T03:58:10.000Z,2026-08-08 21:58:10 JST,2026-08-08 12:58:10 JST,540.00
CandidateSettingsHistory,cmsjvbnkm007i0xl2r3jyb61a,cmsjv9oew007d0xl2kz8kxf8o,sentAt,createdAt,2026-08-08T04:23:04.726Z,2026-08-08T13:23:04.000Z,2026-08-08T04:23:04.000Z,2026-08-08 22:23:04 JST,2026-08-08 13:23:04 JST,539.99
CandidateSettingsHistory,cmsk6rc4700100xmlgugvui0p,cmsk6pdt2000x0xmldmwpuvxz,sentAt,createdAt,2026-08-08T09:43:12.151Z,2026-08-08T18:43:12.000Z,2026-08-08T09:43:12.000Z,2026-08-09 03:43:12 JST,2026-08-08 18:43:12 JST,540.00
CandidateSettingsHistory,cmsk8wg7o00080xphpnogku2q,cmsk8uih400050xphywc64y5k,sentAt,createdAt,2026-08-08T10:43:09.972Z,2026-08-08T19:43:10.000Z,2026-08-08T10:43:10.000Z,2026-08-09 04:43:10 JST,2026-08-08 19:43:10 JST,540.00
CandidateSettingsHistory,cmskbkuy6000n0xnqctfwmhkz,cmskbiuvw000k0xnqle1hkt32,sentAt,createdAt,2026-08-08T11:58:08.046Z,2026-08-08T20:58:06.000Z,2026-08-08T11:58:06.000Z,2026-08-09 05:58:06 JST,2026-08-08 20:58:06 JST,539.97
CandidateSettingsHistory,cmsky3tx301jb0xo5o7gdgk3y,cmsky1whm01j80xo59h0hs1ik,sentAt,createdAt,2026-08-08T22:28:44.727Z,2026-08-09T07:28:45.000Z,2026-08-08T22:28:45.000Z,2026-08-09 16:28:45 JST,2026-08-09 07:28:45 JST,540.00
CandidateSettingsHistory,cmsl6maxu01mr0xo5a68e8m27,cmsl6lrvw01mo0xo54iblbpsr,sentAt,createdAt,2026-08-09T02:27:03.522Z,2026-08-09T11:27:03.000Z,2026-08-09T02:27:03.000Z,2026-08-09 20:27:03 JST,2026-08-09 11:27:03 JST,539.99
CandidateSettingsHistory,cmslmrbdd01st0xo54mi02w13,cmslmpbd301sq0xo58ial34ev,sentAt,createdAt,2026-08-09T09:58:51.217Z,2026-08-09T18:58:51.000Z,2026-08-09T09:58:51.000Z,2026-08-10 03:58:51 JST,2026-08-09 18:58:51 JST,540.00
CandidateSettingsHistory,cmslplasj000q0xly7n3r8c9q,cmslpjcbw000n0xly5o4v0xyd,sentAt,createdAt,2026-08-09T11:18:09.379Z,2026-08-09T20:18:08.000Z,2026-08-09T11:18:08.000Z,2026-08-10 05:18:08 JST,2026-08-09 20:18:08 JST,539.98
CandidateSettingsHistory,cmsmgqihc00t40xt21lawrqkq,cmsmgokse00t10xt26dctqjzl,sentAt,createdAt,2026-08-09T23:58:02.256Z,2026-08-10T08:58:02.000Z,2026-08-09T23:58:02.000Z,2026-08-10 17:58:02 JST,2026-08-10 08:58:02 JST,540.00
CandidateSettingsHistory,cmsmgr7a300t50xt2p82aamfx,cmsmgokse00t10xt26dctqjzl,sentAt,createdAt,2026-08-09T23:58:34.395Z,2026-08-10T08:58:34.000Z,2026-08-09T23:58:34.000Z,2026-08-10 17:58:34 JST,2026-08-10 08:58:34 JST,539.99
CandidateSettingsHistory,cmsmj2ebk00uv0xt2cegyd486,cmsmj0f4000us0xt2sagnax3d,sentAt,createdAt,2026-08-10T01:03:15.968Z,2026-08-10T10:03:16.000Z,2026-08-10T01:03:16.000Z,2026-08-10 19:03:16 JST,2026-08-10 10:03:16 JST,540.00
CandidateSettingsHistory,cmsmjs3zh00vl0xt24bmfhv88,cmsmjq0e000vi0xt2n7hwll87,sentAt,createdAt,2026-08-10T01:23:15.629Z,2026-08-10T10:23:14.000Z,2026-08-10T01:23:14.000Z,2026-08-10 19:23:14 JST,2026-08-10 10:23:14 JST,539.97
CandidateSettingsHistory,cmsmxwopq007e0xq58f4bv3gj,cmsmxuqpy006s0xq590l44ygu,sentAt,createdAt,2026-08-10T07:58:43.742Z,2026-08-10T16:58:44.000Z,2026-08-10T07:58:44.000Z,2026-08-11 01:58:44 JST,2026-08-10 16:58:44 JST,540.00
CandidateSettingsHistory,cmsn0qral00cy0xq51pszi3is,cmsn0otkj00cv0xq534rwjkh2,sentAt,createdAt,2026-08-10T09:18:05.997Z,2026-08-10T18:18:06.000Z,2026-08-10T09:18:06.000Z,2026-08-11 03:18:06 JST,2026-08-10 18:18:06 JST,540.00
CandidateSettingsHistory,cmsny60wt02e30xq5xfqc35ib,cmsny42sn02e00xq53xedv1ib,sentAt,createdAt,2026-08-11T00:53:45.629Z,2026-08-11T09:53:46.000Z,2026-08-11T00:53:46.000Z,2026-08-11 18:53:46 JST,2026-08-11 09:53:46 JST,540.01
CandidateSettingsHistory,cmso7m5wp003d0xmy761idk9e,cmso7k59r003a0xmycj5at1tf,sentAt,createdAt,2026-08-11T05:18:15.145Z,2026-08-11T14:18:15.000Z,2026-08-11T05:18:15.000Z,2026-08-11 23:18:15 JST,2026-08-11 14:18:15 JST,540.00
CandidateSettingsHistory,cmsod5fku000t0xn0gep03fel,cmsod3ern000q0xn0mk0dcj5u,sentAt,createdAt,2026-08-11T07:53:12.222Z,2026-08-11T16:53:12.000Z,2026-08-11T07:53:12.000Z,2026-08-12 01:53:12 JST,2026-08-11 16:53:12 JST,540.00
CandidateSettingsHistory,cmsogjkiu001v0xn07h44jw7z,cmsoghk1j001s0xn0wuis1337,sentAt,createdAt,2026-08-11T09:28:10.662Z,2026-08-11T18:28:11.000Z,2026-08-11T09:28:11.000Z,2026-08-12 03:28:11 JST,2026-08-11 18:28:11 JST,540.01
CandidateSettingsHistory,cmsoqdb0i01gn0xpklz4z6p3x,cmsoqbb6n01gk0xpkk938yyaz,sentAt,createdAt,2026-08-11T14:03:14.562Z,2026-08-11T23:03:14.000Z,2026-08-11T14:03:14.000Z,2026-08-12 08:03:14 JST,2026-08-11 23:03:14 JST,539.99
CandidateSettingsHistory,cmsp19d6w01kp0xpklqszu06t,cmsp17fj801km0xpkw0b26lc6,sentAt,createdAt,2026-08-11T19:08:06.536Z,2026-08-12T04:08:07.000Z,2026-08-11T19:08:07.000Z,2026-08-12 13:08:07 JST,2026-08-12 04:08:07 JST,540.01
CandidateSettingsHistory,cmspciunk00500xnqrgy6c9x3,cmspcguvf004o0xnq6kk1y1br,sentAt,createdAt,2026-08-12T00:23:24.848Z,2026-08-12T09:23:25.000Z,2026-08-12T00:23:25.000Z,2026-08-12 18:23:25 JST,2026-08-12 09:23:25 JST,540.00
CandidateSettingsHistory,cmspl35u600vg0xnqiffk1t24,cmspl184500uz0xnqne9wpn4t,sentAt,createdAt,2026-08-12T04:23:09.390Z,2026-08-12T13:23:10.000Z,2026-08-12T04:23:10.000Z,2026-08-12 22:23:10 JST,2026-08-12 13:23:10 JST,540.01
CandidateSettingsHistory,cmspl9hle00wa0xnqobmum5c9,cmspl7h8400w20xnqrf66stdo,sentAt,createdAt,2026-08-12T04:28:04.562Z,2026-08-12T13:28:03.000Z,2026-08-12T04:28:03.000Z,2026-08-12 22:28:03 JST,2026-08-12 13:28:03 JST,539.97
CandidateSettingsHistory,cmspoat33006h0xpcsq87i9ba,cmspo8unr006d0xpcvy133er4,sentAt,createdAt,2026-08-12T05:53:04.959Z,2026-08-12T14:53:05.000Z,2026-08-12T05:53:05.000Z,2026-08-12 23:53:05 JST,2026-08-12 14:53:05 JST,540.00
CandidateSettingsHistory,cmspt4ogb00dd0xpcti3lmxmy,cmspt2n7400da0xpcjp63fy1o,sentAt,createdAt,2026-08-12T08:08:17.099Z,2026-08-12T17:08:17.000Z,2026-08-12T08:08:17.000Z,2026-08-13 02:08:17 JST,2026-08-12 17:08:17 JST,540.00
CandidateSettingsHistory,cmsq28jhm00sl0xpcx850ekzx,cmsq26idr00si0xpc4fwlaqw0,sentAt,createdAt,2026-08-12T12:23:13.834Z,2026-08-12T21:23:10.000Z,2026-08-12T12:23:10.000Z,2026-08-13 06:23:10 JST,2026-08-12 21:23:10 JST,539.94
CandidateSettingsHistory,cmsr36vg204b90xpcggii70h0,cmsr36ccz04b60xpcgyhpxuha,sentAt,createdAt,2026-08-13T05:37:41.810Z,2026-08-13T14:37:41.000Z,2026-08-13T05:37:41.000Z,2026-08-13 23:37:41 JST,2026-08-13 14:37:41 JST,539.99
CandidateSettingsHistory,cmsr8p7xw04j70xpcihhnxt7y,cmsr8onsv04j40xpci1bmpa29,sentAt,createdAt,2026-08-13T08:11:55.892Z,2026-08-13T17:11:55.000Z,2026-08-13T08:11:55.000Z,2026-08-14 02:11:55 JST,2026-08-13 17:11:55 JST,539.99
CandidateSettingsHistory,cmssqcmkn003f0xmj6ls93d2o,cmssqaoiv00390xmjcur8bffr,sentAt,createdAt,2026-08-14T09:13:47.591Z,2026-08-14T18:13:47.000Z,2026-08-14T09:13:47.000Z,2026-08-15 03:13:47 JST,2026-08-14 18:13:47 JST,539.99
CandidateSettingsHistory,cmssr1h5600580xmj0im9ka7x,cmssqzjuu004z0xmj22n90sb9,sentAt,createdAt,2026-08-14T09:33:06.954Z,2026-08-14T18:33:06.000Z,2026-08-14T09:33:06.000Z,2026-08-15 03:33:06 JST,2026-08-14 18:33:06 JST,539.98
CandidateSettingsHistory,cmst040o7014f0xmjnl7q48ya,cmst03h4f014c0xmjprx2a0p7,sentAt,createdAt,2026-08-14T13:47:02.119Z,2026-08-14T22:47:01.000Z,2026-08-14T13:47:01.000Z,2026-08-15 07:47:01 JST,2026-08-14 22:47:01 JST,539.98
CandidateSettingsHistory,cmst0ojla014n0xmjlc58uj9v,cmst0mlfr014k0xmjz98nslnx,sentAt,createdAt,2026-08-14T14:02:59.758Z,2026-08-14T23:02:59.000Z,2026-08-14T14:02:59.000Z,2026-08-15 08:02:59 JST,2026-08-14 23:02:59 JST,539.99
CandidateSettingsHistory,cmst3jn8h015n0xmj0au9nmvl,cmst3hoqz015k0xmjwlw7ceoe,sentAt,createdAt,2026-08-14T15:23:10.049Z,2026-08-15T00:23:09.000Z,2026-08-14T15:23:09.000Z,2026-08-15 09:23:09 JST,2026-08-15 00:23:09 JST,539.98
CandidateSettingsHistory,cmst3wam7015u0xmj7ildubie,cmst3ucxk015r0xmjxv3z6oq6,sentAt,createdAt,2026-08-14T15:33:00.223Z,2026-08-15T00:33:00.000Z,2026-08-14T15:33:00.000Z,2026-08-15 09:33:00 JST,2026-08-15 00:33:00 JST,540.00
CandidateSettingsHistory,cmstra8iz01vr0xmju1dw1ex4,cmstr9par01vo0xmjuqdijzgy,sentAt,createdAt,2026-08-15T02:27:41.867Z,2026-08-15T11:27:41.000Z,2026-08-15T02:27:41.000Z,2026-08-15 20:27:41 JST,2026-08-15 11:27:41 JST,539.99
CandidateSettingsHistory,cmsu336wq02230xmjpvf963bk,cmsu317th02200xmjcsm2ml2u,sentAt,createdAt,2026-08-15T07:58:08.570Z,2026-08-15T16:58:07.000Z,2026-08-15T07:58:07.000Z,2026-08-16 01:58:07 JST,2026-08-15 16:58:07 JST,539.97
CandidateSettingsHistory,cmsvly0zt00q90xr358i86jxw,cmsvlw2h900q60xr3hdi2jz9y,sentAt,createdAt,2026-08-16T09:33:46.505Z,2026-08-16T18:33:46.000Z,2026-08-16T09:33:46.000Z,2026-08-17 03:33:46 JST,2026-08-16 18:33:46 JST,539.99
CandidateSettingsHistory,cmsvp9z0m00qz0xr37p1kg05l,cmsvp9g1e00qw0xr31cg94ai8,sentAt,createdAt,2026-08-16T11:07:02.662Z,2026-08-16T20:07:02.000Z,2026-08-16T11:07:02.000Z,2026-08-17 05:07:02 JST,2026-08-16 20:07:02 JST,539.99
CandidateSettingsHistory,cmswjvump00a00xo57ywuquqw,cmswjtuh0009r0xo5fmcrmqtp,sentAt,createdAt,2026-08-17T01:23:51.889Z,2026-08-17T10:23:52.000Z,2026-08-17T01:23:52.000Z,2026-08-17 19:23:52 JST,2026-08-17 10:23:52 JST,540.00
CandidateSettingsHistory,cmswnyza200jk0xo5no2enh3g,cmswnwrmr00ix0xo5fuc34byh,sentAt,createdAt,2026-08-17T03:18:16.346Z,2026-08-17T12:18:14.000Z,2026-08-17T03:18:14.000Z,2026-08-17 21:18:14 JST,2026-08-17 12:18:14 JST,539.96
CandidateSettingsHistory,cmswp0h1b001m0xrw6gtsbspf,cmswozdz7001h0xrwtb784yi9,sentAt,createdAt,2026-08-17T03:47:25.631Z,2026-08-17T12:47:25.000Z,2026-08-17T03:47:25.000Z,2026-08-17 21:47:25 JST,2026-08-17 12:47:25 JST,539.99
CandidateSettingsHistory,cmswx2s7f00cm0xpfj9h7fgjb,cmswx0ub100cj0xpfxizmwwo5,sentAt,createdAt,2026-08-17T07:33:10.347Z,2026-08-17T16:33:10.000Z,2026-08-17T07:33:10.000Z,2026-08-18 01:33:10 JST,2026-08-17 16:33:10 JST,539.99
CandidateSettingsHistory,cmsx2zhrq00v00xpfl4dgdlop,cmsx2wwcd00up0xpfcf0ck1xj,sentAt,createdAt,2026-08-17T10:18:34.550Z,2026-08-17T19:18:34.000Z,2026-08-17T10:18:34.000Z,2026-08-18 04:18:34 JST,2026-08-17 19:18:34 JST,539.99
CandidateSettingsHistory,cmsx5466300zb0xpffbgxjs3l,cmsx5260l00z80xpfuzl3uf76,sentAt,createdAt,2026-08-17T11:18:12.027Z,2026-08-17T20:18:12.000Z,2026-08-17T11:18:12.000Z,2026-08-18 05:18:12 JST,2026-08-17 20:18:12 JST,540.00
CandidateSettingsHistory,cmsy0sf5a00cj0xllhq3i9qrw,cmsy0rvox00cc0xll3i9c5cgw,sentAt,createdAt,2026-08-18T02:04:51.502Z,2026-08-18T11:04:51.000Z,2026-08-18T02:04:51.000Z,2026-08-18 20:04:51 JST,2026-08-18 11:04:51 JST,539.99
CandidateSettingsHistory,cmsyfva3501dg0xll4xu47wva,cmsyfuo8q01d50xllc1visbm4,sentAt,createdAt,2026-08-18T09:06:59.153Z,2026-08-18T18:06:58.000Z,2026-08-18T09:06:58.000Z,2026-08-19 03:06:58 JST,2026-08-18 18:06:58 JST,539.98
CandidateSettingsHistory,cmsykku7301q30xll6z7z2scv,cmsykix8o01pp0xllmflj38uq,sentAt,createdAt,2026-08-18T11:18:50.079Z,2026-08-18T20:18:49.000Z,2026-08-18T11:18:49.000Z,2026-08-19 05:18:49 JST,2026-08-18 20:18:49 JST,539.98
MynaviRpaProcessingLog,cmphpn2jt001s1dpcffuyaak6,cmphpmykx001q1dpccwswnnqe,replySentAt,processedAt,2026-05-23T02:09:20.297Z,2026-05-23T11:09:19.000Z,2026-05-23T02:09:19.000Z,2026-05-23 20:09:19 JST,2026-05-23 11:09:19 JST,539.98
MynaviRpaProcessingLog,cmphu23we002f1dpczif4ef0a,,replySentAt,processedAt,2026-05-23T04:13:00.350Z,2026-05-23T13:13:00.000Z,2026-05-23T04:13:00.000Z,2026-05-23 22:13:00 JST,2026-05-23 13:13:00 JST,539.99
MynaviRpaProcessingLog,cmphuhkmi002i1dpc8p463dhg,,replySentAt,processedAt,2026-05-23T04:25:01.866Z,2026-05-23T13:25:04.000Z,2026-05-23T04:25:04.000Z,2026-05-23 22:25:04 JST,2026-05-23 13:25:04 JST,540.04
MynaviRpaProcessingLog,cmphusom9002k1dpcqcr0rfxa,,replySentAt,processedAt,2026-05-23T04:33:40.257Z,2026-05-23T13:33:42.000Z,2026-05-23T04:33:42.000Z,2026-05-23 22:33:42 JST,2026-05-23 13:33:42 JST,540.03
MynaviRpaProcessingLog,cmphziutr002p1dpc7duaww97,cmphziqor002n1dpc6wkv7isr,replySentAt,processedAt,2026-05-23T06:45:59.823Z,2026-05-23T15:46:00.000Z,2026-05-23T06:46:00.000Z,2026-05-24 00:46:00 JST,2026-05-23 15:46:00 JST,540.00
MynaviRpaProcessingLog,cmphzlwg9002t1dpcpnf9jjk1,cmphzlsjy002r1dpcl75ruwkw,replySentAt,processedAt,2026-05-23T06:48:21.897Z,2026-05-23T15:48:22.000Z,2026-05-23T06:48:22.000Z,2026-05-24 00:48:22 JST,2026-05-23 15:48:22 JST,540.00
MynaviRpaProcessingLog,cmpi4dq1m00351dpcukh3gf0w,cmpi4dlxx00331dpcam47zp79,replySentAt,processedAt,2026-05-23T09:01:58.426Z,2026-05-23T18:01:57.000Z,2026-05-23T09:01:57.000Z,2026-05-24 03:01:57 JST,2026-05-23 18:01:57 JST,539.98
MynaviRpaProcessingLog,cmpi7scd2003y1dpc2incp9fo,cmpi7s8ke003w1dpcgwsib6xr,replySentAt,processedAt,2026-05-23T10:37:19.382Z,2026-05-23T19:37:18.000Z,2026-05-23T10:37:18.000Z,2026-05-24 04:37:18 JST,2026-05-23 19:37:18 JST,539.98
MynaviRpaProcessingLog,cmpi7sol500401dpccjf9dhci,,replySentAt,processedAt,2026-05-23T10:37:35.225Z,2026-05-23T19:37:35.000Z,2026-05-23T10:37:35.000Z,2026-05-24 04:37:35 JST,2026-05-23 19:37:35 JST,540.00
MynaviRpaProcessingLog,cmpi8w3yg00441dpc6dqts2as,cmpi8vzk400421dpcclw0d16h,replySentAt,processedAt,2026-05-23T11:08:14.728Z,2026-05-23T20:08:14.000Z,2026-05-23T11:08:14.000Z,2026-05-24 05:08:14 JST,2026-05-23 20:08:14 JST,539.99
MynaviRpaProcessingLog,cmpiao7ip004i1dpco58tuisk,cmpiao3ka004g1dpctpithqgc,replySentAt,processedAt,2026-05-23T11:58:05.329Z,2026-05-23T20:58:04.000Z,2026-05-23T11:58:04.000Z,2026-05-24 05:58:04 JST,2026-05-23 20:58:04 JST,539.98
MynaviRpaProcessingLog,cmpj4pjnr00071dnzefvivvqa,cmpj4pexf00051dnz8ezzh9du,replySentAt,processedAt,2026-05-24T01:58:56.199Z,2026-05-24T10:58:54.000Z,2026-05-24T01:58:54.000Z,2026-05-24 19:58:54 JST,2026-05-24 10:58:54 JST,539.96
MynaviRpaProcessingLog,cmpjbo9fy001e1dnzlllc41pt,cmpjbo5bw001c1dnzhpc4751q,replySentAt,processedAt,2026-05-24T05:13:53.614Z,2026-05-24T14:13:51.000Z,2026-05-24T05:13:51.000Z,2026-05-24 23:13:51 JST,2026-05-24 14:13:51 JST,539.96
MynaviRpaProcessingLog,cmpje6aet001w1dnzraibu9cb,cmpje66uc001u1dnzokqusibd,replySentAt,processedAt,2026-05-24T06:23:53.909Z,2026-05-24T15:23:52.000Z,2026-05-24T06:23:52.000Z,2026-05-25 00:23:52 JST,2026-05-24 15:23:52 JST,539.97
MynaviRpaProcessingLog,cmpjehzle00221dnzaj4uvmif,cmpjehvde00201dnz5u53882b,replySentAt,processedAt,2026-05-24T06:32:59.762Z,2026-05-24T15:32:58.000Z,2026-05-24T06:32:58.000Z,2026-05-25 00:32:58 JST,2026-05-24 15:32:58 JST,539.97
MynaviRpaProcessingLog,cmpjlnhak003a1dnzbyjm2hv8,cmpjlncyh00381dnz6wi01ace,replySentAt,processedAt,2026-05-24T09:53:13.292Z,2026-05-24T18:53:13.000Z,2026-05-24T09:53:13.000Z,2026-05-25 03:53:13 JST,2026-05-24 18:53:13 JST,540.00
MynaviRpaProcessingLog,cmpjmjgkr003j1dnz2mjjbxif,cmpjmjcp6003h1dnzc3dhmrnr,replySentAt,processedAt,2026-05-24T10:18:05.355Z,2026-05-24T19:18:05.000Z,2026-05-24T10:18:05.000Z,2026-05-25 04:18:05 JST,2026-05-24 19:18:05 JST,539.99
MynaviRpaProcessingLog,cmpjnfnww003q1dnzul6k2w4t,,replySentAt,processedAt,2026-05-24T10:43:07.856Z,2026-05-24T19:43:09.000Z,2026-05-24T10:43:09.000Z,2026-05-25 04:43:09 JST,2026-05-24 19:43:09 JST,540.02
MynaviRpaProcessingLog,cmpkffabv00051dqpzl78s5jg,cmpkff6xa00031dqp4vh54xwb,replySentAt,processedAt,2026-05-24T23:46:39.499Z,2026-05-25T08:47:01.000Z,2026-05-24T23:47:01.000Z,2026-05-25 17:47:01 JST,2026-05-25 08:47:01 JST,540.36
MynaviRpaProcessingLog,cmpkqbj20001v1dqto550m0uh,cmpkqbey5001t1dqtx0ugv7lq,replySentAt,processedAt,2026-05-25T04:51:39.960Z,2026-05-25T13:52:01.000Z,2026-05-25T04:52:01.000Z,2026-05-25 22:52:01 JST,2026-05-25 13:52:01 JST,540.35
MynaviRpaProcessingLog,cmpkr8ecm00261dqtd40lg1it,cmpkr8akz00241dqtgog05s3q,replySentAt,processedAt,2026-05-25T05:17:13.510Z,2026-05-25T14:17:34.000Z,2026-05-25T05:17:34.000Z,2026-05-25 23:17:34 JST,2026-05-25 14:17:34 JST,540.34
MynaviRpaProcessingLog,cmpkt00g9002k1dqtab9hcj83,cmpkszwl3002i1dqt8o3sprwv,replySentAt,processedAt,2026-05-25T06:06:41.481Z,2026-05-25T15:07:02.000Z,2026-05-25T06:07:02.000Z,2026-05-26 00:07:02 JST,2026-05-25 15:07:02 JST,540.34
MynaviRpaProcessingLog,cmpkvi0ph00321dqticriydz2,cmpkvhwq700301dqtg001i6e7,replySentAt,processedAt,2026-05-25T07:16:40.853Z,2026-05-25T16:17:02.000Z,2026-05-25T07:17:02.000Z,2026-05-26 01:17:02 JST,2026-05-25 16:17:02 JST,540.35
MynaviRpaProcessingLog,cmpl2n30r004a1dqthl05r5e3,,replySentAt,processedAt,2026-05-25T10:36:34.443Z,2026-05-25T19:36:57.000Z,2026-05-25T10:36:57.000Z,2026-05-26 04:36:57 JST,2026-05-25 19:36:57 JST,540.38
MynaviRpaProcessingLog,cmpl3muk5004g1dqtk1xpypqo,,replySentAt,processedAt,2026-05-25T11:04:23.093Z,2026-05-25T20:04:28.000Z,2026-05-25T11:04:28.000Z,2026-05-26 05:04:28 JST,2026-05-25 20:04:28 JST,540.08
MynaviRpaProcessingLog,cmpl67xo600031dplma0x66l1,cmpl67tss00011dpltij8zguc,replySentAt,processedAt,2026-05-25T12:16:46.133Z,2026-05-25T21:16:54.000Z,2026-05-25T12:16:54.000Z,2026-05-26 06:16:54 JST,2026-05-25 21:16:54 JST,540.13
MynaviRpaProcessingLog,cmpl68lp600051dpl1xoe1w9o,,replySentAt,processedAt,2026-05-25T12:17:17.274Z,2026-05-25T21:17:26.000Z,2026-05-25T12:17:26.000Z,2026-05-26 06:17:26 JST,2026-05-25 21:17:26 JST,540.15
MynaviRpaProcessingLog,cmpl6r7dg000c1dplnzx56rk1,cmpl6r33i000a1dplukmvduw2,replySentAt,processedAt,2026-05-25T12:31:45.172Z,2026-05-25T21:31:53.000Z,2026-05-25T12:31:53.000Z,2026-05-26 06:31:53 JST,2026-05-25 21:31:53 JST,540.13
MynaviRpaProcessingLog,cmpr0544g002q1do5y8182qxm,cmpr04xyt002o1do5bxj4xrdn,replySentAt,processedAt,2026-05-29T14:13:13.888Z,2026-05-29T23:13:51.000Z,2026-05-29T14:13:51.000Z,2026-05-30 08:13:51 JST,2026-05-29 23:13:51 JST,540.62
MynaviRpaProcessingLog,cmpuq4bmx00ol1do5d6royah3,cmpuq47hv00oj1do5xzfshhsp,replySentAt,processedAt,2026-06-01T04:43:45.513Z,2026-06-01T13:46:33.000Z,2026-06-01T04:46:33.000Z,2026-06-01 22:46:33 JST,2026-06-01 13:46:33 JST,542.79
MynaviRpaProcessingLog,cmq790ob4003w1dtb6bpqnq27,,replySentAt,processedAt,2026-06-09T23:06:02.128Z,2026-06-10T08:06:51.000Z,2026-06-09T23:06:51.000Z,2026-06-10 17:06:51 JST,2026-06-10 08:06:51 JST,540.81
MynaviRpaProcessingLog,cmq7925iu003z1dtbtj26zohs,cmq79218z003x1dtb4iv1udu7,replySentAt,processedAt,2026-06-09T23:07:11.094Z,2026-06-10T08:07:52.000Z,2026-06-09T23:07:52.000Z,2026-06-10 17:07:52 JST,2026-06-10 08:07:52 JST,540.68
MynaviRpaProcessingLog,cmqz1onfp003p1do5j6l4r1xc,cmqz1oivx003n1do5e5echm8v,replySentAt,processedAt,2026-06-29T09:58:16.741Z,2026-06-29T18:58:53.000Z,2026-06-29T09:58:53.000Z,2026-06-30 03:58:53 JST,2026-06-29 18:58:53 JST,540.60
MynaviRpaProcessingLog,cmrikp9bl009k1ds7q7e33n41,cmrikp5bk009i1ds7lyw1e26e,replySentAt,processedAt,2026-07-13T01:58:15.153Z,2026-07-13T11:00:31.000Z,2026-07-13T02:00:31.000Z,2026-07-13 20:00:31 JST,2026-07-13 11:00:31 JST,542.26
MynaviRpaProcessingLog,cmrsqg5q2005k1drzupgy4xvz,cmrsqg176005i1drz5b2lzxz4,replySentAt,processedAt,2026-07-20T04:36:50.042Z,2026-07-20T13:38:14.000Z,2026-07-20T04:38:14.000Z,2026-07-20 22:38:14 JST,2026-07-20 13:38:14 JST,541.40
MynaviRpaProcessingLog,cmrt6cjvv00d81drz52j15mvs,cmrt6cf0e00d61drzre84hwp8,replySentAt,processedAt,2026-07-20T12:01:55.627Z,2026-07-20T21:03:19.000Z,2026-07-20T12:03:19.000Z,2026-07-21 06:03:19 JST,2026-07-20 21:03:19 JST,541.39
MynaviRpaProcessingLog,cmrt9m2jt01vh1drzbf4g38pd,cmrt9lxuw01vf1drzug27vemk,replySentAt,processedAt,2026-07-20T13:33:18.569Z,2026-07-20T22:34:42.000Z,2026-07-20T13:34:42.000Z,2026-07-21 07:34:42 JST,2026-07-20 22:34:42 JST,541.39
MynaviRpaProcessingLog,cmrtvj1i700281douu32nbzkq,cmrtvivqh00261doud6yhn3st,replySentAt,processedAt,2026-07-20T23:46:48.799Z,2026-07-21T08:48:20.000Z,2026-07-20T23:48:20.000Z,2026-07-21 17:48:20 JST,2026-07-21 08:48:20 JST,541.52
MynaviRpaProcessingLog,cmru4uo9k007j1dpr1h132e91,cmru4uhmg007g1dprofze69xv,replySentAt,processedAt,2026-07-21T04:07:48.056Z,2026-07-21T13:09:17.000Z,2026-07-21T04:09:17.000Z,2026-07-21 22:09:17 JST,2026-07-21 13:09:17 JST,541.48
MynaviRpaProcessingLog,cmru8xgdj009g1dprkcl4z0gk,cmru8xbi1009e1dpr8g2r721z,replySentAt,processedAt,2026-07-21T06:01:56.263Z,2026-07-21T15:03:21.000Z,2026-07-21T06:03:21.000Z,2026-07-22 00:03:21 JST,2026-07-21 15:03:21 JST,541.41
MynaviRpaProcessingLog,cmrud7xuy00d41dpr0d7j7irv,cmrud7svw00d21dprsxzpzv8b,replySentAt,processedAt,2026-07-21T08:02:03.946Z,2026-07-21T17:02:51.000Z,2026-07-21T08:02:51.000Z,2026-07-22 02:02:51 JST,2026-07-21 17:02:51 JST,540.78
MynaviRpaProcessingLog,cmrudash500dp1dprja9e77ty,cmrudan9d00dn1dprvbuu6h4l,replySentAt,processedAt,2026-07-21T08:04:16.937Z,2026-07-21T17:05:45.000Z,2026-07-21T08:05:45.000Z,2026-07-22 02:05:45 JST,2026-07-21 17:05:45 JST,541.47
MynaviRpaProcessingLog,cmrudkibt00dv1dpruwmlkwcr,cmrudke8100dt1dpr4mc0eki4,replySentAt,processedAt,2026-07-21T08:11:50.345Z,2026-07-21T17:14:03.000Z,2026-07-21T08:14:03.000Z,2026-07-22 02:14:03 JST,2026-07-21 17:14:03 JST,542.21
MynaviRpaProcessingLog,cmrugypk600051dk93kllftex,cmrugyk8i00031dk9niezf3rw,replySentAt,processedAt,2026-07-21T09:46:51.750Z,2026-07-21T18:48:17.000Z,2026-07-21T09:48:17.000Z,2026-07-22 03:48:17 JST,2026-07-21 18:48:17 JST,541.42
MynaviRpaProcessingLog,cmrviaoi100hx1do4up8p6xvk,cmrviakca00hv1do4itgzx3kp,replySentAt,processedAt,2026-07-22T03:11:56.041Z,2026-07-22T12:13:48.000Z,2026-07-22T03:13:48.000Z,2026-07-22 21:13:48 JST,2026-07-22 12:13:48 JST,541.87
MynaviRpaProcessingLog,cmrvjwmv800kt1do4z1vo6bhl,,replySentAt,processedAt,2026-07-22T03:56:59.972Z,2026-07-22T12:58:42.000Z,2026-07-22T03:58:42.000Z,2026-07-22 21:58:42 JST,2026-07-22 12:58:42 JST,541.70
MynaviRpaProcessingLog,cmrvnnm3500sz1do4tmfw70at,cmrvnnhdw00sx1do42coulf3o,replySentAt,processedAt,2026-07-22T05:41:57.521Z,2026-07-22T14:42:16.000Z,2026-07-22T05:42:16.000Z,2026-07-22 23:42:16 JST,2026-07-22 14:42:16 JST,540.31
MynaviRpaProcessingLog,cmrwsdowb00380xpkerkgwdjg,cmrwsdjes00360xpkbz2mzc08,replySentAt,processedAt,2026-07-23T00:41:58.859Z,2026-07-23T09:42:41.000Z,2026-07-23T00:42:41.000Z,2026-07-23 18:42:41 JST,2026-07-23 09:42:41 JST,540.70
MynaviRpaProcessingLog,cmrwuvkid00350xmkok1xse0m,,replySentAt,processedAt,2026-07-23T01:51:52.213Z,2026-07-23T10:53:23.000Z,2026-07-23T01:53:23.000Z,2026-07-23 19:53:23 JST,2026-07-23 10:53:23 JST,541.51
MynaviRpaProcessingLog,cmrwvroz1000s0xo7xqzr51mj,cmrwvrkic000q0xo73t6eew99,replySentAt,processedAt,2026-07-23T02:16:50.989Z,2026-07-23T11:18:32.000Z,2026-07-23T02:18:32.000Z,2026-07-23 20:18:32 JST,2026-07-23 11:18:32 JST,541.68
MynaviRpaProcessingLog,cmrwwax1r00130xo7poaa29vj,cmrwwarjw00110xo7ffajc4wn,replySentAt,processedAt,2026-07-23T02:31:47.919Z,2026-07-23T11:33:16.000Z,2026-07-23T02:33:16.000Z,2026-07-23 20:33:16 JST,2026-07-23 11:33:16 JST,541.47
MynaviRpaProcessingLog,cmrwxx4rt00100xrnb7phheqq,cmrwxwzwx000y0xrnl9i0ngtc,replySentAt,processedAt,2026-07-23T03:17:03.977Z,2026-07-23T12:19:06.000Z,2026-07-23T03:19:06.000Z,2026-07-23 21:19:06 JST,2026-07-23 12:19:06 JST,542.03
MynaviRpaProcessingLog,cmrwyg9o6001p0xrnl774pewf,cmrwyg5b8001n0xrnmemyvi07,replySentAt,processedAt,2026-07-23T03:31:56.790Z,2026-07-23T12:33:21.000Z,2026-07-23T03:33:21.000Z,2026-07-23 21:33:21 JST,2026-07-23 12:33:21 JST,541.40
MynaviRpaProcessingLog,cmrx08gz1005m0xrn83j1ivmt,cmrx08cx1005k0xrn0qkdn62g,replySentAt,processedAt,2026-07-23T04:21:52.237Z,2026-07-23T13:23:17.000Z,2026-07-23T04:23:17.000Z,2026-07-23 22:23:17 JST,2026-07-23 13:23:17 JST,541.41
MynaviRpaProcessingLog,cmrx0lbdf006x0xrncz3em5b3,cmrx0l7bo006v0xrn19umrzyr,replySentAt,processedAt,2026-07-23T04:31:51.507Z,2026-07-23T13:33:17.000Z,2026-07-23T04:33:17.000Z,2026-07-23 22:33:17 JST,2026-07-23 13:33:17 JST,541.42
MynaviRpaProcessingLog,cmrx0roeo00740xrn68h2c0lu,cmrx0rkip00720xrnxxql4tba,replySentAt,processedAt,2026-07-23T04:36:48.336Z,2026-07-23T13:38:12.000Z,2026-07-23T04:38:12.000Z,2026-07-23 22:38:12 JST,2026-07-23 13:38:12 JST,541.39
MynaviRpaProcessingLog,cmrximnuf01by0xrndvir0jz6,cmrximjjr01bw0xrnje5lvpgu,replySentAt,processedAt,2026-07-23T12:56:47.415Z,2026-07-23T21:58:12.000Z,2026-07-23T12:58:12.000Z,2026-07-24 06:58:12 JST,2026-07-23 21:58:12 JST,541.41
MynaviRpaProcessingLog,cmryeywso03fu0xrnfs4vo719,cmryeyr5w03fs0xrn50mdq9p8,replySentAt,processedAt,2026-07-24T04:02:06.600Z,2026-07-24T13:03:31.000Z,2026-07-24T04:03:31.000Z,2026-07-24 22:03:31 JST,2026-07-24 13:03:31 JST,541.41
MynaviRpaProcessingLog,cmryn00mj03m50xrnrl1ioa14,cmrymzvrj03m30xrn19iv70w9,replySentAt,processedAt,2026-07-24T07:46:55.147Z,2026-07-24T16:49:16.000Z,2026-07-24T07:49:16.000Z,2026-07-25 01:49:16 JST,2026-07-24 16:49:16 JST,542.35
MynaviRpaProcessingLog,cmryrinb703t40xrns74zm0fu,cmryrii0h03t20xrnlihsaabc,replySentAt,processedAt,2026-07-24T09:53:22.819Z,2026-07-24T18:54:50.000Z,2026-07-24T09:54:50.000Z,2026-07-25 03:54:50 JST,2026-07-24 18:54:50 JST,541.45
MynaviRpaProcessingLog,cmryve0jk03x50xrn62onu6kk,cmryvdvks03x30xrnmmylcwpm,replySentAt,processedAt,2026-07-24T11:41:45.152Z,2026-07-24T20:43:11.000Z,2026-07-24T11:43:11.000Z,2026-07-25 05:43:11 JST,2026-07-24 20:43:11 JST,541.43
MynaviRpaProcessingLog,cmrzouxd4005n0xob9yfdd96l,cmrzoutfx005l0xobzxy4hb98,replySentAt,processedAt,2026-07-25T01:26:43.048Z,2026-07-25T10:28:06.000Z,2026-07-25T01:28:06.000Z,2026-07-25 19:28:06 JST,2026-07-25 10:28:06 JST,541.38
MynaviRpaProcessingLog,cmrzqaeh100650xobohslup18,cmrzqaa3o00630xobjawrumpx,replySentAt,processedAt,2026-07-25T02:06:44.677Z,2026-07-25T11:08:08.000Z,2026-07-25T02:08:08.000Z,2026-07-25 20:08:08 JST,2026-07-25 11:08:08 JST,541.39
MynaviRpaProcessingLog,cmrzy59sa00cd0xobj4jq6802,cmrzy55hk00cb0xob92uf6oo3,replySentAt,processedAt,2026-07-25T05:46:42.250Z,2026-07-25T14:48:04.000Z,2026-07-25T05:48:04.000Z,2026-07-25 23:48:04 JST,2026-07-25 14:48:04 JST,541.36
MynaviRpaProcessingLog,cms0cfo5u00iq0xobqony2pqn,cms0cfk1f00io0xob5ieps9sv,replySentAt,processedAt,2026-07-25T12:26:42.066Z,2026-07-25T21:28:05.000Z,2026-07-25T12:28:05.000Z,2026-07-26 06:28:05 JST,2026-07-25 21:28:05 JST,541.38
MynaviRpaProcessingLog,cms0iv3v502b00xob8suq96vh,cms0iuzfd02ay0xobxrfnrxy4,replySentAt,processedAt,2026-07-25T15:26:39.953Z,2026-07-26T00:28:03.000Z,2026-07-25T15:28:03.000Z,2026-07-26 09:28:03 JST,2026-07-26 00:28:03 JST,541.38
MynaviRpaProcessingLog,cms125bpx02pe0xobic9qol9p,,replySentAt,processedAt,2026-07-26T00:26:29.397Z,2026-07-26T09:27:51.000Z,2026-07-26T00:27:51.000Z,2026-07-26 18:27:51 JST,2026-07-26 09:27:51 JST,541.36
MynaviRpaProcessingLog,cms1g2te002z60xob7bnor4fv,,replySentAt,processedAt,2026-07-26T06:56:26.952Z,2026-07-26T15:57:47.000Z,2026-07-26T06:57:47.000Z,2026-07-27 00:57:47 JST,2026-07-26 15:57:47 JST,541.33
MynaviRpaProcessingLog,cms1qmkvr034l0xobhyj07bub,cms1qmgaq034j0xobf5puxe86,replySentAt,processedAt,2026-07-26T11:51:45.207Z,2026-07-26T20:53:09.000Z,2026-07-26T11:53:09.000Z,2026-07-27 05:53:09 JST,2026-07-26 20:53:09 JST,541.40
MynaviRpaProcessingLog,cms2b60td051i0xob4n55u770,cms2b5vyn051g0xob04coh263,replySentAt,processedAt,2026-07-26T21:26:44.641Z,2026-07-27T06:28:08.000Z,2026-07-26T21:28:08.000Z,2026-07-27 15:28:08 JST,2026-07-27 06:28:08 JST,541.39
MynaviRpaProcessingLog,cms2j7l4m00040xmonxykcf9p,cms2j7g2x00020xmos5ozo0jn,replySentAt,processedAt,2026-07-27T01:11:54.550Z,2026-07-27T10:13:19.000Z,2026-07-27T01:13:19.000Z,2026-07-27 19:13:19 JST,2026-07-27 10:13:19 JST,541.41
MynaviRpaProcessingLog,cms2jqv2g000c0xmo058umojl,cms2jqq5p000a0xmoqnx5xl5c,replySentAt,processedAt,2026-07-27T01:26:53.896Z,2026-07-27T10:28:46.000Z,2026-07-27T01:28:46.000Z,2026-07-27 19:28:46 JST,2026-07-27 10:28:46 JST,541.87
MynaviRpaProcessingLog,cms2p3tse00840xmox5vnygp9,cms2p3pca00820xmoglctfuld,replySentAt,processedAt,2026-07-27T03:56:56.846Z,2026-07-27T12:58:20.000Z,2026-07-27T03:58:20.000Z,2026-07-27 21:58:20 JST,2026-07-27 12:58:20 JST,541.39
MynaviRpaProcessingLog,cms2pgo28008f0xmo4a27k4uv,cms2pgjwe008d0xmork7jijjn,replySentAt,processedAt,2026-07-27T04:06:55.952Z,2026-07-27T13:08:36.000Z,2026-07-27T04:08:36.000Z,2026-07-27 22:08:36 JST,2026-07-27 13:08:36 JST,541.67
MynaviRpaProcessingLog,cms33kf3z010k0xmo8vy3542n,cms33kae7010h0xmot6p649ca,replySentAt,processedAt,2026-07-27T10:41:45.599Z,2026-07-27T19:42:32.000Z,2026-07-27T10:42:32.000Z,2026-07-28 04:42:32 JST,2026-07-27 19:42:32 JST,540.77
MynaviRpaProcessingLog,cms362hl901320xmoypwdfqzk,,replySentAt,processedAt,2026-07-27T11:51:47.853Z,2026-07-27T20:53:13.000Z,2026-07-27T11:53:13.000Z,2026-07-28 05:53:13 JST,2026-07-27 20:53:13 JST,541.42
MynaviRpaProcessingLog,cms37j65401620xmo9yccrs2a,cms37j1lw01600xmotazcuour,replySentAt,processedAt,2026-07-27T12:32:45.784Z,2026-07-27T21:34:14.000Z,2026-07-27T12:34:14.000Z,2026-07-28 06:34:14 JST,2026-07-27 21:34:14 JST,541.47
MynaviRpaProcessingLog,cms39of9a02pw0xmod6opbiex,cms39oauh02pu0xmo8zafsw74,replySentAt,processedAt,2026-07-27T13:32:50.110Z,2026-07-27T22:34:14.000Z,2026-07-27T13:34:14.000Z,2026-07-28 07:34:14 JST,2026-07-27 22:34:14 JST,541.40
MynaviRpaProcessingLog,cms3bf8ee02ue0xmozw3dzbjt,cms3bf43h02uc0xmozsx2euz0,replySentAt,processedAt,2026-07-27T14:21:40.550Z,2026-07-27T23:23:04.000Z,2026-07-27T14:23:04.000Z,2026-07-28 08:23:04 JST,2026-07-27 23:23:04 JST,541.39
MynaviRpaProcessingLog,cms3upv5d002h0xqv3wysgtr4,cms3uppl5002f0xqvll9gt76l,replySentAt,processedAt,2026-07-27T23:21:49.297Z,2026-07-28T08:23:14.000Z,2026-07-27T23:23:14.000Z,2026-07-28 17:23:14 JST,2026-07-28 08:23:14 JST,541.41
MynaviRpaProcessingLog,cms41v4uo001h0xp41ltbumjk,cms41v0pz001f0xp4fqrhq2dq,replySentAt,processedAt,2026-07-28T02:41:52.464Z,2026-07-28T11:43:30.000Z,2026-07-28T02:43:30.000Z,2026-07-28 20:43:30 JST,2026-07-28 11:43:30 JST,541.63
MynaviRpaProcessingLog,cms4afsh9002m0xoh8zynactz,cms4afo7h002k0xohms39ny7i,replySentAt,processedAt,2026-07-28T06:41:53.133Z,2026-07-28T15:43:22.000Z,2026-07-28T06:43:22.000Z,2026-07-29 00:43:22 JST,2026-07-28 15:43:22 JST,541.48
MynaviRpaProcessingLog,cms6qbdsk02xp0xm9laz1jsky,,replySentAt,processedAt,2026-07-29T23:41:53.684Z,2026-07-30T08:45:59.000Z,2026-07-29T23:45:59.000Z,2026-07-30 17:45:59 JST,2026-07-30 08:45:59 JST,544.09
MynaviRpaProcessingLog,cms6sni10030l0xm96tzikfd4,cms6sndcu030j0xm95v024fvc,replySentAt,processedAt,2026-07-30T00:47:18.276Z,2026-07-30T09:48:00.000Z,2026-07-30T00:48:00.000Z,2026-07-30 18:48:00 JST,2026-07-30 09:48:00 JST,540.70
MynaviRpaProcessingLog,cms6x3hve03770xm9ojvzqg0f,cms6x3dqg03750xm9ifckh8no,replySentAt,processedAt,2026-07-30T02:51:43.034Z,2026-07-30T11:53:30.000Z,2026-07-30T02:53:30.000Z,2026-07-30 20:53:30 JST,2026-07-30 11:53:30 JST,541.78
MynaviRpaProcessingLog,cms7k850r03xy0xm9jrw1rc7l,cms7k80mg03xw0xm944nyro6n,replySentAt,processedAt,2026-07-30T13:39:10.827Z,2026-07-30T22:40:34.000Z,2026-07-30T13:40:34.000Z,2026-07-31 07:40:34 JST,2026-07-30 22:40:34 JST,541.39
MynaviRpaProcessingLog,cms7nkddg041h0xm9ewdb65rb,cms7nk8pp041f0xm9mlq4vjlj,replySentAt,processedAt,2026-07-30T15:12:40.372Z,2026-07-31T00:14:04.000Z,2026-07-30T15:14:04.000Z,2026-07-31 09:14:04 JST,2026-07-31 00:14:04 JST,541.39
MynaviRpaProcessingLog,cms98os1r06k20xm932zbr1dt,cms98oo1306k00xm96awdcvkv,replySentAt,processedAt,2026-07-31T17:51:44.127Z,2026-08-01T02:53:08.000Z,2026-07-31T17:53:08.000Z,2026-08-01 11:53:08 JST,2026-08-01 02:53:08 JST,541.40
MynaviRpaProcessingLog,cms9kh78y06zj0xm9y146vdyx,cms9kh24506zh0xm9plb12j63,replySentAt,processedAt,2026-07-31T23:21:45.970Z,2026-08-01T08:23:10.000Z,2026-07-31T23:23:10.000Z,2026-08-01 17:23:10 JST,2026-08-01 08:23:10 JST,541.40
MynaviRpaProcessingLog,cms9vwmho07yf0xm9o0fz4e3x,cms9vwhjn07yd0xm9c321p6i9,replySentAt,processedAt,2026-08-01T04:41:41.340Z,2026-08-01T13:43:12.000Z,2026-08-01T04:43:12.000Z,2026-08-01 22:43:12 JST,2026-08-01 13:43:12 JST,541.51
MynaviRpaProcessingLog,cmsa0731e081l0xm9p9nhdfbf,cmsa06y24081j0xm9icr04sgs,replySentAt,processedAt,2026-08-01T06:41:47.810Z,2026-08-01T15:43:12.000Z,2026-08-01T06:43:12.000Z,2026-08-02 00:43:12 JST,2026-08-01 15:43:12 JST,541.40
MynaviRpaProcessingLog,cmsafxukb08x10xm9iuwvh8ua,cmsafxpk708wz0xm9skhec95d,replySentAt,processedAt,2026-08-01T14:02:30.779Z,2026-08-01T23:03:55.000Z,2026-08-01T14:03:55.000Z,2026-08-02 08:03:55 JST,2026-08-01 23:03:55 JST,541.40
MynaviRpaProcessingLog,cmsbc9gbo00400xl4pbl0qrpz,cmsbc9bif003y0xl4btcjq8dq,replySentAt,processedAt,2026-08-02T05:07:19.908Z,2026-08-02T14:08:44.000Z,2026-08-02T05:08:44.000Z,2026-08-02 23:08:44 JST,2026-08-02 14:08:44 JST,541.40
MynaviRpaProcessingLog,cmscf11ep000p0xliylbzcff1,cmscf0x0z000n0xlidy2o8q37,replySentAt,processedAt,2026-08-02T23:12:32.353Z,2026-08-03T08:13:57.000Z,2026-08-02T23:13:57.000Z,2026-08-03 17:13:57 JST,2026-08-03 08:13:57 JST,541.41
MynaviRpaProcessingLog,cmscmog2q004c0xpkbrroz40a,cmscmobj0004a0xpkknytj2vw,replySentAt,processedAt,2026-08-03T02:46:41.762Z,2026-08-03T11:47:24.000Z,2026-08-03T02:47:24.000Z,2026-08-03 20:47:24 JST,2026-08-03 11:47:24 JST,540.70
MynaviRpaProcessingLog,cmsd1vuhx00jp0xpkon964qu8,cmsd1vo7n00jn0xpk2no35rst,replySentAt,processedAt,2026-08-03T09:52:21.285Z,2026-08-03T18:53:46.000Z,2026-08-03T09:53:46.000Z,2026-08-04 03:53:46 JST,2026-08-03 18:53:46 JST,541.41
MynaviRpaProcessingLog,cmsdaz1vy01jc0xqorjpioreo,cmsdaywrx01ja0xqoiyys19ya,replySentAt,processedAt,2026-08-03T14:06:47.374Z,2026-08-03T23:08:12.000Z,2026-08-03T14:08:12.000Z,2026-08-04 08:08:12 JST,2026-08-03 23:08:12 JST,541.41
MynaviRpaProcessingLog,cmsdu3yst01ps0xqo7eda09e2,cmsdu3tp201pm0xqoo0l19sb7,replySentAt,processedAt,2026-08-03T23:02:29.357Z,2026-08-04T08:03:53.000Z,2026-08-03T23:03:53.000Z,2026-08-04 17:03:53 JST,2026-08-04 08:03:53 JST,541.39
MynaviRpaProcessingLog,cmsdvow6301rj0xqonw4oz6x7,cmsdvos2q01rh0xqow8c2v681,replySentAt,processedAt,2026-08-03T23:46:45.339Z,2026-08-04T08:48:12.000Z,2026-08-03T23:48:12.000Z,2026-08-04 17:48:12 JST,2026-08-04 08:48:12 JST,541.44
MynaviRpaProcessingLog,cmsdvv1qu01rv0xqoqdstm6n1,cmsdvuwv401rt0xqotu1l3lls,replySentAt,processedAt,2026-08-03T23:51:32.502Z,2026-08-04T08:52:56.000Z,2026-08-03T23:52:56.000Z,2026-08-04 17:52:56 JST,2026-08-04 08:52:56 JST,541.39
MynaviRpaProcessingLog,cmsdxnidg000w0xqevdlpa6fa,cmsdxnd5y000u0xqemgni8nrh,replySentAt,processedAt,2026-08-04T00:41:40.036Z,2026-08-04T09:43:04.000Z,2026-08-04T00:43:04.000Z,2026-08-04 18:43:04 JST,2026-08-04 09:43:04 JST,541.40
MynaviRpaProcessingLog,cmse05qeh009e0xqe9lv78qzv,cmse05ios009a0xqeoeux8ov6,replySentAt,processedAt,2026-08-04T01:51:49.481Z,2026-08-04T10:53:58.000Z,2026-08-04T01:53:58.000Z,2026-08-04 19:53:58 JST,2026-08-04 10:53:58 JST,542.14
MynaviRpaProcessingLog,cmse30lah00i70xqeur1oujq4,cmse30ffo00i50xqeia35mdw3,replySentAt,processedAt,2026-08-04T03:11:48.425Z,2026-08-04T12:13:44.000Z,2026-08-04T03:13:44.000Z,2026-08-04 21:13:44 JST,2026-08-04 12:13:44 JST,541.93
MynaviRpaProcessingLog,cmse9g01000630xo4v77x5mbc,cmse9fvwh00610xo4x419emns,replySentAt,processedAt,2026-08-04T06:11:45.060Z,2026-08-04T15:13:17.000Z,2026-08-04T06:13:17.000Z,2026-08-05 00:13:17 JST,2026-08-04 15:13:17 JST,541.53
MynaviRpaProcessingLog,cmseb1udu00ax0xo4ohwsa5ri,cmseb1oyh00av0xo4jetf2d91,replySentAt,processedAt,2026-08-04T06:56:43.794Z,2026-08-04T15:58:08.000Z,2026-08-04T06:58:08.000Z,2026-08-05 00:58:08 JST,2026-08-04 15:58:08 JST,541.40
MynaviRpaProcessingLog,cmsebxz3y00cu0xo4yu0vitkb,cmsebxtis00cs0xo4xj0iyfof,replySentAt,processedAt,2026-08-04T07:21:42.910Z,2026-08-04T16:23:07.000Z,2026-08-04T07:23:07.000Z,2026-08-05 01:23:07 JST,2026-08-04 16:23:07 JST,541.40
MynaviRpaProcessingLog,cmsfh1qay00bv0xqdyzws035q,cmsfh1liv00bt0xqd5gcaugx2,replySentAt,processedAt,2026-08-05T02:32:22.378Z,2026-08-05T11:33:47.000Z,2026-08-05T02:33:47.000Z,2026-08-05 20:33:47 JST,2026-08-05 11:33:47 JST,541.41
MynaviRpaProcessingLog,cmsfkf4re000n0xmknvwofhs9,cmsfkf053000l0xmk2245yp2t,replySentAt,processedAt,2026-08-05T04:06:46.490Z,2026-08-05T13:08:15.000Z,2026-08-05T04:08:15.000Z,2026-08-05 22:08:15 JST,2026-08-05 13:08:15 JST,541.48
MynaviRpaProcessingLog,cmsft67py000z0xqr9wmet1nb,cmsft62ho000x0xqrxliyqwt3,replySentAt,processedAt,2026-08-05T08:11:46.966Z,2026-08-05T17:13:55.000Z,2026-08-05T08:13:55.000Z,2026-08-06 02:13:55 JST,2026-08-05 17:13:55 JST,542.13
MynaviRpaProcessingLog,cmsfyj0j6008x0xqr4dhcsk3t,cmsfyivya008v0xqrbc9nq8pn,replySentAt,processedAt,2026-08-05T10:41:42.258Z,2026-08-05T19:43:15.000Z,2026-08-05T10:43:15.000Z,2026-08-06 04:43:15 JST,2026-08-05 19:43:15 JST,541.55
MynaviRpaProcessingLog,cmsgo3dw7000b0xl56aqhzixb,cmsgo392c00090xl5o6ro9zsc,replySentAt,processedAt,2026-08-05T22:37:23.095Z,2026-08-06T07:38:47.000Z,2026-08-05T22:38:47.000Z,2026-08-06 16:38:47 JST,2026-08-06 07:38:47 JST,541.40
MynaviRpaProcessingLog,cmsgq1b2e001m0xsdwl5uyptw,cmsgq16ur001k0xsddsmxjscb,replySentAt,processedAt,2026-08-05T23:31:45.350Z,2026-08-06T08:33:11.000Z,2026-08-05T23:33:11.000Z,2026-08-06 17:33:11 JST,2026-08-06 08:33:11 JST,541.43
MynaviRpaProcessingLog,cmsgqkkjl00jt0xsd3vhi1rd1,cmsgqkezr00jj0xsdrnwofbm4,replySentAt,processedAt,2026-08-05T23:46:44.097Z,2026-08-06T08:48:47.000Z,2026-08-05T23:48:47.000Z,2026-08-06 17:48:47 JST,2026-08-06 08:48:47 JST,542.05
MynaviRpaProcessingLog,cmsgqovar00oo0xsd6in0sdmf,cmsgqoqpe00og0xsd2wr0mknj,replySentAt,processedAt,2026-08-05T23:50:04.659Z,2026-08-06T08:51:28.000Z,2026-08-05T23:51:28.000Z,2026-08-06 17:51:28 JST,2026-08-06 08:51:28 JST,541.39
MynaviRpaProcessingLog,cmsh3t6om00ao0xmnpjnoxbpk,cmsh3t0vv00am0xmn0jkcd60u,replySentAt,processedAt,2026-08-06T05:57:21.046Z,2026-08-06T14:58:48.000Z,2026-08-06T05:58:48.000Z,2026-08-06 23:58:48 JST,2026-08-06 14:58:48 JST,541.45
MynaviRpaProcessingLog,cmshar6x700d70xr9tpc4zas1,cmshar2bo00d50xr9tynokuns,replySentAt,processedAt,2026-08-06T09:11:45.355Z,2026-08-06T18:12:28.000Z,2026-08-06T09:12:28.000Z,2026-08-07 03:12:28 JST,2026-08-06 18:12:28 JST,540.71
MynaviRpaProcessingLog,cmshc6j6300dq0xr90ez12quz,cmshc6eus00do0xr9wbp0pgvo,replySentAt,processedAt,2026-08-06T09:51:40.683Z,2026-08-06T18:53:05.000Z,2026-08-06T09:53:05.000Z,2026-08-07 03:53:05 JST,2026-08-06 18:53:05 JST,541.41
MynaviRpaProcessingLog,cmshcji0f00dx0xr99o8awsq4,cmshcjcuc00dv0xr90e34ey4w,replySentAt,processedAt,2026-08-06T10:01:45.711Z,2026-08-06T19:03:11.000Z,2026-08-06T10:03:11.000Z,2026-08-07 04:03:11 JST,2026-08-06 19:03:11 JST,541.42
MynaviRpaProcessingLog,cmshhjjw700l20xr9on083qrt,cmshhjf4a00l00xr98nf2ui3o,replySentAt,processedAt,2026-08-06T12:21:46.231Z,2026-08-06T21:23:11.000Z,2026-08-06T12:23:11.000Z,2026-08-07 06:23:11 JST,2026-08-06 21:23:11 JST,541.41
MynaviRpaProcessingLog,cmshi2nv200mk0xr925komgmq,cmshi2iq000mi0xr9lo3a864r,replySentAt,processedAt,2026-08-06T12:36:37.838Z,2026-08-06T21:38:02.000Z,2026-08-06T12:38:02.000Z,2026-08-07 06:38:02 JST,2026-08-06 21:38:02 JST,541.40
MynaviRpaProcessingLog,cmsiaoho600hr0xou7lvgl256,,replySentAt,processedAt,2026-08-07T01:57:25.494Z,2026-08-07T10:58:47.000Z,2026-08-07T01:58:47.000Z,2026-08-07 19:58:47 JST,2026-08-07 10:58:47 JST,541.36
MynaviRpaProcessingLog,cmsidbyte00mk0xouo9cahgnj,cmsidbukq00mi0xou8xwfr97t,replySentAt,processedAt,2026-08-07T03:11:40.034Z,2026-08-07T12:13:09.000Z,2026-08-07T03:13:09.000Z,2026-08-07 21:13:09 JST,2026-08-07 12:13:09 JST,541.48
MynaviRpaProcessingLog,cmsihsu3r00s30xou3jn6ysax,cmsihspx200s10xou539otcg6,replySentAt,processedAt,2026-08-07T05:16:45.543Z,2026-08-07T14:18:25.000Z,2026-08-07T05:18:25.000Z,2026-08-07 23:18:25 JST,2026-08-07 14:18:25 JST,541.66
MynaviRpaProcessingLog,cmsikb05u00330xp8qqanqjhh,cmsikavbo00310xp8eq69cjz1,replySentAt,processedAt,2026-08-07T06:26:52.434Z,2026-08-07T15:28:43.000Z,2026-08-07T06:28:43.000Z,2026-08-08 00:28:43 JST,2026-08-07 15:28:43 JST,541.84
MynaviRpaProcessingLog,cmsiv737i003m0xmni9j8pvkv,,replySentAt,processedAt,2026-08-07T11:31:45.534Z,2026-08-07T20:33:06.000Z,2026-08-07T11:33:06.000Z,2026-08-08 05:33:06 JST,2026-08-07 20:33:06 JST,541.34
MynaviRpaProcessingLog,cmsjrdews00570xl2cf3x851n,cmsjrd9zw00550xl2z6m3biiz,replySentAt,processedAt,2026-08-08T02:32:28.348Z,2026-08-08T11:33:53.000Z,2026-08-08T02:33:53.000Z,2026-08-08 20:33:53 JST,2026-08-08 11:33:53 JST,541.41
MynaviRpaProcessingLog,cmsjt4yw1005u0xl2i722gpm7,cmsjt4tni005s0xl2qz33i9d3,replySentAt,processedAt,2026-08-08T03:21:53.569Z,2026-08-08T12:23:19.000Z,2026-08-08T03:23:19.000Z,2026-08-08 21:23:19 JST,2026-08-08 12:23:19 JST,541.42
MynaviRpaProcessingLog,cmsjudst6006w0xl2812t9hko,cmsjudo1y006u0xl2f1xbsb5s,replySentAt,processedAt,2026-08-08T03:56:45.210Z,2026-08-08T12:58:10.000Z,2026-08-08T03:58:10.000Z,2026-08-08 21:58:10 JST,2026-08-08 12:58:10 JST,541.41
MynaviRpaProcessingLog,cmsjv9t2w007f0xl2gcsakt8d,cmsjv9oew007d0xl2kz8kxf8o,replySentAt,processedAt,2026-08-08T04:21:38.552Z,2026-08-08T13:23:04.000Z,2026-08-08T04:23:04.000Z,2026-08-08 22:23:04 JST,2026-08-08 13:23:04 JST,541.42
MynaviRpaProcessingLog,cmsk6pi6i000z0xmlvov06r6w,cmsk6pdt2000x0xmldmwpuvxz,replySentAt,processedAt,2026-08-08T09:41:46.698Z,2026-08-08T18:43:12.000Z,2026-08-08T09:43:12.000Z,2026-08-09 03:43:12 JST,2026-08-08 18:43:12 JST,541.42
MynaviRpaProcessingLog,cmsk8umvg00070xphtxlbmnm9,cmsk8uih400050xphywc64y5k,replySentAt,processedAt,2026-08-08T10:41:45.292Z,2026-08-08T19:43:10.000Z,2026-08-08T10:43:10.000Z,2026-08-09 04:43:10 JST,2026-08-08 19:43:10 JST,541.41
MynaviRpaProcessingLog,cmskbizo7000m0xnqke05bf9y,cmskbiuvw000k0xnqle1hkt32,replySentAt,processedAt,2026-08-08T11:56:40.855Z,2026-08-08T20:58:06.000Z,2026-08-08T11:58:06.000Z,2026-08-09 05:58:06 JST,2026-08-08 20:58:06 JST,541.42
MynaviRpaProcessingLog,cmsky20u101ja0xo52j047qm6,cmsky1whm01j80xo59h0hs1ik,replySentAt,processedAt,2026-08-08T22:27:20.377Z,2026-08-09T07:28:45.000Z,2026-08-08T22:28:45.000Z,2026-08-09 16:28:45 JST,2026-08-09 07:28:45 JST,541.41
MynaviRpaProcessingLog,cmsl6lwbb01mq0xo5gzjuh4d5,cmsl6lrvw01mo0xo54iblbpsr,replySentAt,processedAt,2026-08-09T02:26:44.567Z,2026-08-09T11:27:03.000Z,2026-08-09T02:27:03.000Z,2026-08-09 20:27:03 JST,2026-08-09 11:27:03 JST,540.31
MynaviRpaProcessingLog,cmslmpfzk01ss0xo5s5ohd28a,cmslmpbd301sq0xo58ial34ev,replySentAt,processedAt,2026-08-09T09:57:23.888Z,2026-08-09T18:58:51.000Z,2026-08-09T09:58:51.000Z,2026-08-10 03:58:51 JST,2026-08-09 18:58:51 JST,541.45
MynaviRpaProcessingLog,cmslpjgm5000p0xlygfqzqq9e,cmslpjcbw000n0xly5o4v0xyd,replySentAt,processedAt,2026-08-09T11:16:43.613Z,2026-08-09T20:18:08.000Z,2026-08-09T11:18:08.000Z,2026-08-10 05:18:08 JST,2026-08-09 20:18:08 JST,541.41
MynaviRpaProcessingLog,cmsmgopat00t30xt219h6xexo,cmsmgokse00t10xt26dctqjzl,replySentAt,processedAt,2026-08-09T23:56:37.781Z,2026-08-10T08:58:34.000Z,2026-08-09T23:58:34.000Z,2026-08-10 17:58:34 JST,2026-08-10 08:58:34 JST,541.94
MynaviRpaProcessingLog,cmsmj0k5p00uu0xt283fji6i8,cmsmj0f4000us0xt2sagnax3d,replySentAt,processedAt,2026-08-10T01:01:50.221Z,2026-08-10T10:03:16.000Z,2026-08-10T01:03:16.000Z,2026-08-10 19:03:16 JST,2026-08-10 10:03:16 JST,541.43
MynaviRpaProcessingLog,cmsmjq5qc00vk0xt206so6gz2,cmsmjq0e000vi0xt2n7hwll87,replySentAt,processedAt,2026-08-10T01:21:44.580Z,2026-08-10T10:23:14.000Z,2026-08-10T01:23:14.000Z,2026-08-10 19:23:14 JST,2026-08-10 10:23:14 JST,541.49
MynaviRpaProcessingLog,cmsmxuv7z006u0xq58kf4nqhp,cmsmxuqpy006s0xq590l44ygu,replySentAt,processedAt,2026-08-10T07:57:18.863Z,2026-08-10T16:58:44.000Z,2026-08-10T07:58:44.000Z,2026-08-11 01:58:44 JST,2026-08-10 16:58:44 JST,541.42
MynaviRpaProcessingLog,cmsn0oxvf00cx0xq5pdpxsxma,cmsn0otkj00cv0xq534rwjkh2,replySentAt,processedAt,2026-08-10T09:16:41.211Z,2026-08-10T18:18:06.000Z,2026-08-10T09:18:06.000Z,2026-08-11 03:18:06 JST,2026-08-10 18:18:06 JST,541.41
MynaviRpaProcessingLog,cmsny47bj02e20xq53ml51z30,cmsny42sn02e00xq53xedv1ib,replySentAt,processedAt,2026-08-11T00:52:20.623Z,2026-08-11T09:53:46.000Z,2026-08-11T00:53:46.000Z,2026-08-11 18:53:46 JST,2026-08-11 09:53:46 JST,541.42
MynaviRpaProcessingLog,cmso7kaeo003c0xmy0et6af11,cmso7k59r003a0xmycj5at1tf,replySentAt,processedAt,2026-08-11T05:16:47.664Z,2026-08-11T14:18:15.000Z,2026-08-11T05:18:15.000Z,2026-08-11 23:18:15 JST,2026-08-11 14:18:15 JST,541.46
MynaviRpaProcessingLog,cmsod3m33000s0xn0opiu03k5,cmsod3ern000q0xn0mk0dcj5u,replySentAt,processedAt,2026-08-11T07:51:47.343Z,2026-08-11T16:53:12.000Z,2026-08-11T07:53:12.000Z,2026-08-12 01:53:12 JST,2026-08-11 16:53:12 JST,541.41
MynaviRpaProcessingLog,cmsoghoum001u0xn0rqz5cx7a,cmsoghk1j001s0xn0wuis1337,replySentAt,processedAt,2026-08-11T09:26:42.958Z,2026-08-11T18:28:11.000Z,2026-08-11T09:28:11.000Z,2026-08-12 03:28:11 JST,2026-08-11 18:28:11 JST,541.47
MynaviRpaProcessingLog,cmsoqbgl501gm0xpk63gswt5i,cmsoqbb6n01gk0xpkk938yyaz,replySentAt,processedAt,2026-08-11T14:01:48.473Z,2026-08-11T23:03:14.000Z,2026-08-11T14:03:14.000Z,2026-08-12 08:03:14 JST,2026-08-11 23:03:14 JST,541.43
MynaviRpaProcessingLog,cmsp17jxz01ko0xpk7ywbmwca,cmsp17fj801km0xpkw0b26lc6,replySentAt,processedAt,2026-08-11T19:06:41.975Z,2026-08-12T04:08:07.000Z,2026-08-11T19:08:07.000Z,2026-08-12 13:08:07 JST,2026-08-12 04:08:07 JST,541.42
MynaviRpaProcessingLog,cmspch0f6004q0xnqpm37txum,cmspcguvf004o0xnq6kk1y1br,replySentAt,processedAt,2026-08-12T00:21:59.010Z,2026-08-12T09:23:25.000Z,2026-08-12T00:23:25.000Z,2026-08-12 18:23:25 JST,2026-08-12 09:23:25 JST,541.43
MynaviRpaProcessingLog,cmspjm2w400s20xnqcodisnp6,,replySentAt,processedAt,2026-08-12T03:41:52.804Z,2026-08-12T12:43:15.000Z,2026-08-12T03:43:15.000Z,2026-08-12 21:43:15 JST,2026-08-12 12:43:15 JST,541.37
MynaviRpaProcessingLog,cmspkbo5p00ts0xnqdqnp02k7,,replySentAt,processedAt,2026-08-12T04:01:46.765Z,2026-08-12T13:03:10.000Z,2026-08-12T04:03:10.000Z,2026-08-12 22:03:10 JST,2026-08-12 13:03:10 JST,541.39
MynaviRpaProcessingLog,cmspl1cfz00v10xnqld8gpxjj,cmspl184500uz0xnqne9wpn4t,replySentAt,processedAt,2026-08-12T04:21:44.639Z,2026-08-12T13:23:10.000Z,2026-08-12T04:23:10.000Z,2026-08-12 22:23:10 JST,2026-08-12 13:23:10 JST,541.42
MynaviRpaProcessingLog,cmspl7mn900w60xnqti6t3x40,cmspl7h8400w20xnqrf66stdo,replySentAt,processedAt,2026-08-12T04:26:37.797Z,2026-08-12T13:28:03.000Z,2026-08-12T04:28:03.000Z,2026-08-12 22:28:03 JST,2026-08-12 13:28:03 JST,541.42
MynaviRpaProcessingLog,cmspo8zne006f0xpc81t4ypiz,cmspo8unr006d0xpcvy133er4,replySentAt,processedAt,2026-08-12T05:51:40.154Z,2026-08-12T14:53:05.000Z,2026-08-12T05:53:05.000Z,2026-08-12 23:53:05 JST,2026-08-12 14:53:05 JST,541.41
MynaviRpaProcessingLog,cmspt2rg600dc0xpce79ic8zx,cmspt2n7400da0xpcjp63fy1o,replySentAt,processedAt,2026-08-12T08:06:47.670Z,2026-08-12T17:08:17.000Z,2026-08-12T08:08:17.000Z,2026-08-13 02:08:17 JST,2026-08-12 17:08:17 JST,541.49
MynaviRpaProcessingLog,cmsq26nof00sk0xpcqrfv3qx8,cmsq26idr00si0xpc4fwlaqw0,replySentAt,processedAt,2026-08-12T12:21:45.951Z,2026-08-12T21:23:10.000Z,2026-08-12T12:23:10.000Z,2026-08-13 06:23:10 JST,2026-08-12 21:23:10 JST,541.40
MynaviRpaProcessingLog,cmsr36guz04b80xpc27vo64j8,cmsr36ccz04b60xpcgyhpxuha,replySentAt,processedAt,2026-08-13T05:37:22.907Z,2026-08-13T14:37:41.000Z,2026-08-13T05:37:41.000Z,2026-08-13 23:37:41 JST,2026-08-13 14:37:41 JST,540.30
MynaviRpaProcessingLog,cmsr8osyj04j60xpcxlvbmpa9,cmsr8onsv04j40xpci1bmpa29,replySentAt,processedAt,2026-08-13T08:11:36.475Z,2026-08-13T17:11:55.000Z,2026-08-13T08:11:55.000Z,2026-08-14 02:11:55 JST,2026-08-13 17:11:55 JST,540.31
MynaviRpaProcessingLog,cmssqat5x003b0xmjdw1c9nc5,cmssqaoiv00390xmjcur8bffr,replySentAt,processedAt,2026-08-14T09:12:22.821Z,2026-08-14T18:13:47.000Z,2026-08-14T09:13:47.000Z,2026-08-15 03:13:47 JST,2026-08-14 18:13:47 JST,541.40
MynaviRpaProcessingLog,cmssqznop00500xmj3nw2gqeg,cmssqzjuu004z0xmj22n90sb9,replySentAt,processedAt,2026-08-14T09:31:42.121Z,2026-08-14T18:33:06.000Z,2026-08-14T09:33:06.000Z,2026-08-15 03:33:06 JST,2026-08-14 18:33:06 JST,541.40
MynaviRpaProcessingLog,cmst03lzk014e0xmjz9pnp9lo,cmst03h4f014c0xmjprx2a0p7,replySentAt,processedAt,2026-08-14T13:46:43.088Z,2026-08-14T22:47:01.000Z,2026-08-14T13:47:01.000Z,2026-08-15 07:47:01 JST,2026-08-14 22:47:01 JST,540.30
MynaviRpaProcessingLog,cmst0mq8l014m0xmjsdngboop,cmst0mlfr014k0xmjz98nslnx,replySentAt,processedAt,2026-08-14T14:01:35.061Z,2026-08-14T23:02:59.000Z,2026-08-14T14:02:59.000Z,2026-08-15 08:02:59 JST,2026-08-14 23:02:59 JST,541.40
MynaviRpaProcessingLog,cmst3htu9015m0xmj2saeuzwl,cmst3hoqz015k0xmjwlw7ceoe,replySentAt,processedAt,2026-08-14T15:21:45.297Z,2026-08-15T00:23:09.000Z,2026-08-14T15:23:09.000Z,2026-08-15 09:23:09 JST,2026-08-15 00:23:09 JST,541.40
MynaviRpaProcessingLog,cmst3uhg7015t0xmj2ek7da1p,cmst3ucxk015r0xmjxv3z6oq6,replySentAt,processedAt,2026-08-14T15:31:35.767Z,2026-08-15T00:33:00.000Z,2026-08-14T15:33:00.000Z,2026-08-15 09:33:00 JST,2026-08-15 00:33:00 JST,541.40
MynaviRpaProcessingLog,cmstr9tyh01vq0xmjlsmpxang,cmstr9par01vo0xmjuqdijzgy,replySentAt,processedAt,2026-08-15T02:27:22.985Z,2026-08-15T11:27:41.000Z,2026-08-15T02:27:41.000Z,2026-08-15 20:27:41 JST,2026-08-15 11:27:41 JST,540.30
MynaviRpaProcessingLog,cmsu31ckx02220xmjaf6cgeaq,cmsu317th02200xmjcsm2ml2u,replySentAt,processedAt,2026-08-15T07:56:42.609Z,2026-08-15T16:58:07.000Z,2026-08-15T07:58:07.000Z,2026-08-16 01:58:07 JST,2026-08-15 16:58:07 JST,541.41
MynaviRpaProcessingLog,cmsvlw7hi00q80xr3999mwjmp,cmsvlw2h900q60xr3hdi2jz9y,replySentAt,processedAt,2026-08-16T09:32:21.606Z,2026-08-16T18:33:46.000Z,2026-08-16T09:33:46.000Z,2026-08-17 03:33:46 JST,2026-08-16 18:33:46 JST,541.41
MynaviRpaProcessingLog,cmsvp9kgg00qy0xr3y3i8dars,cmsvp9g1e00qw0xr31cg94ai8,replySentAt,processedAt,2026-08-16T11:06:43.792Z,2026-08-16T20:07:02.000Z,2026-08-16T11:07:02.000Z,2026-08-17 05:07:02 JST,2026-08-16 20:07:02 JST,540.30
MynaviRpaProcessingLog,cmswjtz6n009t0xo5lk69dram,cmswjtuh0009r0xo5fmcrmqtp,replySentAt,processedAt,2026-08-17T01:22:24.479Z,2026-08-17T10:23:52.000Z,2026-08-17T01:23:52.000Z,2026-08-17 19:23:52 JST,2026-08-17 10:23:52 JST,541.46
MynaviRpaProcessingLog,cmswnwx2p00iz0xo5l6mrr9wq,cmswnwrmr00ix0xo5fuc34byh,replySentAt,processedAt,2026-08-17T03:16:40.177Z,2026-08-17T12:18:14.000Z,2026-08-17T03:18:14.000Z,2026-08-17 21:18:14 JST,2026-08-17 12:18:14 JST,541.56
MynaviRpaProcessingLog,cmswozi9y001j0xrwbgpl6dog,cmswozdz7001h0xrwtb784yi9,replySentAt,processedAt,2026-08-17T03:46:40.582Z,2026-08-17T12:47:25.000Z,2026-08-17T03:47:25.000Z,2026-08-17 21:47:25 JST,2026-08-17 12:47:25 JST,540.74
MynaviRpaProcessingLog,cmswx0yjx00cl0xpf86n6lhza,cmswx0ub100cj0xpfxizmwwo5,replySentAt,processedAt,2026-08-17T07:31:45.261Z,2026-08-17T16:33:10.000Z,2026-08-17T07:33:10.000Z,2026-08-18 01:33:10 JST,2026-08-17 16:33:10 JST,541.41
MynaviRpaProcessingLog,cmsx2x14m00us0xpfbglg4hsz,cmsx2wwcd00up0xpfcf0ck1xj,replySentAt,processedAt,2026-08-17T10:16:39.670Z,2026-08-17T19:18:34.000Z,2026-08-17T10:18:34.000Z,2026-08-18 04:18:34 JST,2026-08-17 19:18:34 JST,541.91
MynaviRpaProcessingLog,cmsx52b5d00za0xpff6gkrr5j,cmsx5260l00z80xpfuzl3uf76,replySentAt,processedAt,2026-08-17T11:16:45.169Z,2026-08-17T20:18:12.000Z,2026-08-17T11:18:12.000Z,2026-08-18 05:18:12 JST,2026-08-17 20:18:12 JST,541.45
MynaviRpaProcessingLog,cmsy0s0d100ce0xllgt4mf1hn,cmsy0rvox00cc0xll3i9c5cgw,replySentAt,processedAt,2026-08-18T02:04:32.341Z,2026-08-18T11:04:51.000Z,2026-08-18T02:04:51.000Z,2026-08-18 20:04:51 JST,2026-08-18 11:04:51 JST,540.31
MynaviRpaProcessingLog,cmsyfuttb01df0xllls8k6oky,cmsyfuo8q01d50xllc1visbm4,replySentAt,processedAt,2026-08-18T09:06:38.063Z,2026-08-18T18:06:58.000Z,2026-08-18T09:06:58.000Z,2026-08-19 03:06:58 JST,2026-08-18 18:06:58 JST,540.33
MynaviRpaProcessingLog,cmsyh1bmk01ek0xllie6wnp9i,,replySentAt,processedAt,2026-08-18T09:39:40.700Z,2026-08-18T18:41:54.000Z,2026-08-18T09:41:54.000Z,2026-08-19 03:41:54 JST,2026-08-18 18:41:54 JST,542.22
MynaviRpaProcessingLog,cmsykj1nq01pr0xll2mdinb2a,cmsykix8o01pp0xllmflj38uq,replySentAt,processedAt,2026-08-18T11:17:26.438Z,2026-08-18T20:18:49.000Z,2026-08-18T11:18:49.000Z,2026-08-19 05:18:49 JST,2026-08-18 20:18:49 JST,541.38
