id,file_name,external_job_ref,source_media,job_area,job_category,job_category_path,introduced_at
"cmul3qms600nv0xo2qqxzg6wr","求人票_一般財団法人あんしん財団.pdf","own-btlz27",,,,,
"cmul3qq6y00ny0xo2b7pyhzyr","求人票_岡三証券株式会社.pdf","own-kn4zdv",,,,,
"cmul3qttb00o30xo268xkadvd","求人票_株式会社住宅あんしん保証.pdf","own-h4y77q",,,,,
"cmul3qzcx00o90xo2i028p8ru","求人票_株式会社乃村工藝社.pdf","own-sctwqw",,,,,
"cmul3r47800oc0xo2aytsgjio","求人票_損害保険ジャパン株式会社.pdf","own-5dlh6t",,,,,
"cmul3r93t00of0xo2ia9hruz0","求人票_大和ハウス工業株式会社.pdf","own-95dqyw",,,,,
"cmul3reeq00oi0xo2h9dr9o2i","求人票_東急リバブル株式会社.pdf","own-fv9az5",,,,,
"cmul3rioy00ol0xo2v8un3n3e","求人票_野村不動産ソリューションズ株式会社.pdf","own-fcijkr",,,,,
"cmul3rnsz00oq0xo2ht15moed","求人票_北海道信用保証協会.pdf","own-30li7s",,,,,
"cmul3rsg900oz0xo2gvi4fe0v","求人票_KDDI Biz Edge株式会社.pdf","own-h8znd3",,,,,
"cmul3rwee00p50xo2oy8wex7j","求人票_ＫＩＳＣＯ株式会社.pdf","own-wi42ih",,,,,
"cmul3s0nd00p90xo2qdail16k","求人票_ＳＢＩマネープラザ株式会社.pdf","own-cajvws",,,,,
"cmul3s56l00pd0xo2xghoryz4","求人票_アイリスチトセ株式会社.pdf","own-4jaxn1",,,,,
"cmul3satd00pg0xo2rtwjdvak","求人票_オリックス自動車株式会社.pdf","own-glfz2j",,,,,
