excel_row,machine_group,name,regist_date,last_login,residence,education_min,grad_year_from,grad_year_to,age_max,age_min,company_count,job_category,job_category_priority,work_location,work_location_priority,transfer_timing,own_send
5,1,【未送信】開放日_東日本_学歴不問_15-25_経験3社_エリア不順,7日以内,1日以内,東日本,,2015,2025,,,～3社,指定なし,-,首都圏/愛知/大阪/兵庫/京都,,,含まない
6,1,【未送信】開放日_全国_学歴不問_15-25_経験3社_エリア不順,7日以内,1日以内,全国,,2015,2025,,,～3社,指定なし,-,首都圏/愛知/大阪/兵庫/京都,,,含まない
7,1,【未送信】開放日_全国_学歴不問_15-26_経験3社_エリア不順,7日以内,1日以内,全国,,2015,2026,,,～3社,指定なし,-,首都圏/愛知/大阪/兵庫/京都,,,含まない
8,1,【送信済】開放日_東日本_学歴不問_15-25_経験3社_エリア不順,7日以内,1日以内,東日本,,2015,2025,,,～3社,指定なし,-,首都圏/愛知/大阪/兵庫/京都,,,含まない
9,1,【未送信】既登録_東日本_学歴不問_15-25_経験2社_エリア不順,8日以降,1日以内,東日本,,2015,2025,,,～２社,指定なし,-,首都圏/愛知/大阪/兵庫/京都,,,含まない
10,1,【未送信】既登録_東日本_学歴不問_19-25_経験2社_エリア第2,8日以降,1日以内,東日本,,2019,2025,,,～２社,指定なし,-,首都圏/愛知/大阪/兵庫/京都,第二希望,,含まない
11,1,【未送信】既登録_東日本_学歴不問_19-25_経験3社_エリア不順,8日以降,1日以内,東日本,,2019,2025,,,～3社,指定なし,-,首都圏/愛知/大阪/兵庫/京都,,,含まない
12,1,【未送信】既登録_東日本_学歴不問_15-25_経験3社_エリア不順,8日以降,1日以内,東日本,,2015,2025,,,～3社,指定なし,-,首都圏/愛知/大阪/兵庫/京都,,,含まない
13,1,【未送信】既登録_東日本_学歴不問_15-18_経験3社_エリア不順,8日以降,1日以内,東日本,,2015,2018,,,～3社,指定なし,-,首都圏/愛知/大阪/兵庫/京都,,,含まない
15,2,【未送信】開放日_西日本_学歴不問_15-25_経験3社_エリア不順,7日以内,1日以内,西日本,,2015,2025,,,～3社,指定なし,-,首都圏/愛知/大阪/兵庫/京都,,,含まない
16,2,【送信済】開放日_全国_学歴不問_15-25_経験3社_エリア不順,7日以内,1日以内,西日本,,2015,2025,,,～3社,指定なし,-,首都圏/愛知/大阪/兵庫/京都,,,含まない
17,2,【未送信】既登録_全国_学歴不問_15-25_経験2社_エリア第2,8日以降,1日以内,全国,,2015,2025,,,～２社,指定なし,-,首都圏/愛知/大阪/兵庫/京都,第二希望,,含まない
18,2,【未送信】既登録_全国_学歴不問_15-25_経験2社_エリア不順,8日以降,1日以内,全国,,2015,2025,,,～２社,指定なし,-,首都圏/愛知/大阪/兵庫/京都,,,含まない
19,2,【未送信】既登録_西日本_学歴不問_15-25_経験3社_エリア不順,8日以降,1日以内,西日本,,2015,2026,,,～２社,指定なし,-,首都圏/愛知/大阪/兵庫/京都,第二希望,,含まない
20,2,【送信済】開放日_西日本_学歴不問_15-25_経験3社_エリア不順,7日以内,1日以内,西日本,,2015,2025,,,～3社,指定なし,-,首都圏/愛知/大阪/兵庫/京都,,,含まない
21,2,【未送信】既登録_西日本_学歴不問_19-25_経験3社_エリア不順,8日以降,1日以内,西日本,,2019,2025,,,～２社,指定なし,-,首都圏/愛知/大阪/兵庫/京都,第二希望,,含まない
22,2,【未送信】既登録_西日本_学歴不問_15-25_経験3社_エリア不順,8日以降,1日以内,西日本,,2019,2025,,,～3社,指定なし,-,首都圏/愛知/大阪/兵庫/京都,,,含まない
23,2,【未送信】既登録_西日本_学歴不問_15-18_経験3社_エリア不順,8日以降,1日以内,西日本,,2015,2018,,,～3社,指定なし,-,首都圏/愛知/大阪/兵庫/京都,,,含まない
25,3,≪送信済≫開放日_東日本_学歴不問_15-25_経験3社_エリア不順,7日以内,1日以内,東日本,,2015,2025,,,～3社,指定なし,-,首都圏/愛知/大阪/兵庫/京都,,,のみ
26,3,≪送信済≫登録2日前_東日本_学歴不問_15-25_経験3社_エリア不順,2日以内,1日以内,東日本,,2015,2025,,,～3社,指定なし,-,首都圏/愛知/大阪/兵庫/京都,,,のみ
27,3,≪送信済≫既登録_全国_学歴不問_24-25_経験1社_エリア不順,8日以降,1日以内,全国,,2024,2025,,,～1社,指定なし,-,首都圏/愛知/大阪/兵庫/京都,,-,のみ
28,3,≪送信済≫既登録_東日本_学歴不問_20-25_経験2社_エリア不順,8日以降,1日以内,東日本,,2020,2025,,,～２社,指定なし,-,首都圏/愛知/大阪/兵庫/京都,,-,のみ
29,3,≪送信済≫既登録_東日本_学歴不問_24-25_経験2社_エリア不順,8日以降,1日以内,東日本,,2024,2025,,,～２社,指定なし,-,首都圏/愛知/大阪/兵庫/京都,,-,のみ
30,3,≪送信済≫既登録_東日本_学歴不問_23-24_経験1社_エリア不順,8日以降,1日以内,東日本,,2023,24,,,～1社,指定なし,-,首都圏/愛知/大阪/兵庫/京都,,-,のみ
31,3,≪送信済≫既登録_東日本_学歴不問_23-23_経験2社_エリア不順,8日以降,1日以内,東日本,,2023,2023,,,～２社,指定なし,-,首都圏/愛知/大阪/兵庫/京都,,-,のみ
32,3,≪送信済≫既登録_東日本_学歴不問_21-22_経験2社_エリア不順,8日以降,1日以内,東日本,,2021,2022,,,～２社,指定なし,-,首都圏/愛知/大阪/兵庫/京都,,-,のみ
33,3,≪送信済≫既登録_東日本_学歴不問_21-23_経験2社_エリア第１,8日以降,1日以内,東日本,,2021,2023,,,～２社,指定なし,-,首都圏/愛知/大阪/兵庫/京都,第一希望,-,のみ
34,3,≪送信済≫既登録_東日本_学歴不問_19-20_経験3社_エリア不順,8日以降,1日以内,東日本,,2019,2020,,,～3社,指定なし,-,首都圏/愛知/大阪/兵庫/京都,,-,のみ
35,3,≪送信済≫既登録_東日本_学歴不問_15-18_経験3社_エリア不順,8日以降,1日以内,東日本,,2015,2018,,,～3社,指定なし,-,首都圏/愛知/大阪/兵庫/京都,,-,のみ
37,4,≪送信済≫開放日_西日本_学歴不問_15-25_経験3社_エリア不順,7日以内,1日以内,西日本,,2015,2025,,,～3社,指定なし,-,首都圏/愛知/大阪/兵庫/京都,,,のみ
38,4,≪送信済≫登録2日前_西日本_学歴不問_15-25_経験3社_エリア不順,2日以内,1日以内,西日本,,2015,2025,,,～3社,指定なし,-,首都圏/愛知/大阪/兵庫/京都,,,のみ
39,4,≪送信済≫既登録_西日本_学歴不問_20-25_経験2社_エリア第2,8日以降,1日以内,西日本,,2020,2025,,,～２社,指定なし,-,首都圏/愛知/大阪/兵庫/京都,第二希望,,のみ
40,4,≪送信済≫既登録_西日本_学歴不問_24-25_経験2社_エリア不順,8日以降,1日以内,西日本,,2024,2025,,,～２社,指定なし,-,首都圏/愛知/大阪/兵庫/京都,,,のみ
41,4,≪送信済≫既登録_全国_学歴不問_22-23_経験1社_エリア不順,8日以降,1日以内,全国,,2022,2023,,,～1社,指定なし,-,首都圏/愛知/大阪/兵庫/京都,,,のみ
42,4,≪送信済≫既登録_西日本_学歴不問_23-24_経験1社_エリア不順,8日以降,1日以内,西日本,,2023,2024,,,～1社,指定なし,-,首都圏/愛知/大阪/兵庫/京都,,,のみ
43,4,≪送信済≫既登録_西日本_学歴不問_22-23_経験2社_エリア不順,8日以降,1日以内,西日本,,2022,2023,,,～２社,指定なし,-,首都圏/愛知/大阪/兵庫/京都,,,のみ
44,4,≪送信済≫既登録_西日本_学歴不問_21-23_経験2社_エリア第１,8日以降,1日以内,西日本,,2021,2023,,,～２社,指定なし,-,首都圏/愛知/大阪/兵庫/京都,第一希望,-,のみ
45,4,≪送信済≫既登録_西日本_学歴不問_19-21_経験3社_エリア不順,8日以降,1日以内,西日本,,2019,2021,,,～3社,指定なし,-,首都圏/愛知/大阪/兵庫/京都,,,のみ
46,4,≪送信済≫既登録_西日本_学歴不問_15-18_経験3社_エリア不順,8日以降,1日以内,西日本,,2015,2018,,,～3社,指定なし,-,首都圏/愛知/大阪/兵庫/京都,,,のみ
48,ALL,≪送信済≫既登録_全国_学歴不問_25-25_経験1社_エリア不順,8日以降,1日以内,西日本,,2025,2025,,,～1社,指定なし,-,首都圏/愛知/大阪/兵庫/京都,,,のみ
49,ALL,≪送信済≫既登録_全国_学歴不問_24-24_経験1社_エリア不順,8日以降,1日以内,西日本,,2024,2024,,,～1社,指定なし,-,首都圏/愛知/大阪/兵庫/京都,,,のみ
50,ALL,≪送信済≫既登録_全国_学歴不問_23-23_経験1社_エリア不順,8日以降,1日以内,西日本,,2023,2023,,,～1社,指定なし,-,首都圏/愛知/大阪/兵庫/京都,,,のみ
51,ALL,≪送信済≫既登録_全国_学歴不問_21-22_経験2社_エリア不順,8日以降,1日以内,西日本,,2021,2022,,,～1社,指定なし,-,首都圏/愛知/大阪/兵庫/京都,,,のみ
52,ALL,【未送信リスト】開放日_登録1日ログイン1日以内_職種不問,1日以内,1日以内,全国,,2015,2025,,,～3社,指定なし,-,首都圏/愛知/大阪/兵庫/京都,-,-,含まない
53,ALL,【未送信リスト】開放日_登録3日ログイン1日以内_職種不問,3日以内,1日以内,全国,,2015,2025,,,～3社,指定なし,-,首都圏/愛知/大阪/兵庫/京都,-,-,含まない
54,ALL,【未送信リスト】開放日_ログイン7日以内_職種不問,7日以内,1日以内,全国,,2015,2025,,,～3社,指定なし,-,首都圏/愛知/大阪/兵庫/京都,-,-,含まない
55,ALL,【未送信リスト】既登録_ログイン3日以内_職種不問,-,3日以内,全国,,2022,2025,,,～1社,指定なし,-,首都圏/愛知/大阪/兵庫/京都,第一希望,～半年以内,含まない
57,LEGACY,≪未送信リスト≫登録日7日以内_希望勤務地空白_有効エリア,7日以内,１日以内,有効,-,2018,2025,32,19,～3社,-,-,-,第二希望,-,含まない
58,LEGACY,≪未送信リスト≫登録日7日以内_ほぼ空白リスト,7日以内,１日以内,全国,-,2018,2025,32,19,～3社,-,-,首都圏/愛知/大阪/兵庫/京都,第二希望,-,含まない
59,LEGACY,≪送信済リスト≫登録日2日前ログイン1日前_年齢・職種不問,2日前,1日以内,全国,,2015,2025,,,～2社,指定なし,-,首都圏/愛知/大阪/兵庫/京都,,,のみ
60,LEGACY,≪送信済リスト≫登録日2日前_年齢・職種不問,2日前,3日以内,全国,高等学校,2015,2025,35,19,～2社,指定なし,-,首都圏/愛知/大阪/兵庫,第一希望,～半年以内,のみ
61,LEGACY,≪送信済リスト≫登録日3～7日前_年齢・職種不問,3～7日前,1日以内,全国,高等学校,2015,2025,35,19,～2社,指定なし,-,首都圏/愛知/大阪/兵庫,第一希望,～半年以内,のみ
62,LEGACY,≪送信済リスト≫登録日15日以内_年齢・職種不問,8～15日前,1日以内,全国,高等学校,2015,2025,35,19,～2社,指定なし,-,首都圏/愛知/大阪/兵庫,第一希望,～半年以内,のみ
63,LEGACY,≪送信済リスト≫登録日直近30日_年齢・職種不問,16～30日前,1日以内,全国,高等学校,2015,2025,35,19,～2社,指定なし,-,首都圏/愛知/大阪/兵庫,第一希望,～半年以内,のみ
64,LEGACY,≪送信済リスト≫登録日指定なし_ほぼ空白リスト,-,１日以内,全国,-,2020,2025,30,19,～2社,-,-,首都圏/愛知/大阪/兵庫/京都,第二希望,-,のみ
65,LEGACY,≪送信済リスト≫25～25年_職種不問,指定なし,1日以内,全国,高等学校,2025,2025,25,19,～1社,指定なし,-,首都圏/愛知/大阪/兵庫,第一希望,～半年以内,のみ
66,LEGACY,≪送信済リスト≫24～24年_職種不問,指定なし,1日以内,全国,高等学校,2024,2024,26,20,～1社,指定なし,-,首都圏/愛知/大阪/兵庫,第一希望,～半年以内,のみ
67,LEGACY,≪送信済リスト≫22～22年_職種不問,指定なし,1日以内,全国,高等学校,2022,2022,28,22,～1社,指定なし,-,首都圏/愛知/大阪/兵庫,第一希望,～半年以内,のみ
68,LEGACY,≪送信済リスト≫23～23年_職種不問,指定なし,1日以内,全国,高等学校,2023,2023,27,21,～1社,指定なし,-,首都圏/愛知/大阪/兵庫,第一希望,～半年以内,のみ
69,LEGACY,≪送信済リスト≫20～21年_職種不問,指定なし,1日以内,全国,高等学校,2020,2021,30,23,～1社,指定なし,-,首都圏/愛知/大阪/兵庫,第一希望,～半年以内,のみ
70,LEGACY,≪送信済リスト≫18～19年_職種不問,指定なし,1日以内,全国,高等学校,2018,2019,32,25,～2社,指定なし,-,首都圏/愛知/大阪/兵庫,第一希望,～半年以内,のみ
71,LEGACY,≪送信済リスト≫15～17年_職種不問,指定なし,1日以内,全国,高等学校,2015,2017,35,27,～2社,指定なし,-,首都圏/愛知/大阪/兵庫,第一希望,～半年以内,のみ
72,LEGACY,停止,-,-,-,-,-,-,-,19,-,-,-,-,-,-,-
73,LEGACY,【未送信リスト】開放日_有効職,7日以内,1日以内,全国,高等学校,2015,2025,35,19,～2社,有効職,第一希望,首都圏/愛知/大阪/兵庫,第一希望,～半年以内,含まない
74,LEGACY,【未送信リスト】開放日_職種不問,7日以内,1日以内,全国,高等学校,2015,2025,35,19,～2社,指定なし,-,首都圏/愛知/大阪/兵庫,第一希望,～半年以内,含まない
75,LEGACY,【未送信リスト】開放日_ログイン7日以内_有効職,7日以内,7日以内,全国,高等学校,2015,2025,35,19,～2社,有効職,第一希望,首都圏/愛知/大阪/兵庫,第一希望,～半年以内,含まない
76,LEGACY,【未送信リスト】既登録_20代前半_有効職,8日以降,1日以内,全国,高等学校,2022,2025,28,19,～1社,有効職,第一希望,首都圏/愛知/大阪/兵庫,第一希望,～半年以内,含まない
77,LEGACY,【未送信リスト】既登録_20代前半_職種不問,8日以降,1日以内,全国,高等学校,2022,2025,28,19,～1社,指定なし,-,首都圏/愛知/大阪/兵庫,第一希望,～半年以内,含まない
78,LEGACY,【未送信リスト】既登録_20代後半_有効職,8日以降,1日以内,全国,高等学校,2015,2021,35,23,～2社,有効職,第一希望,首都圏/愛知/大阪/兵庫,第一希望,～半年以内,含まない
79,LEGACY,【未送信リスト】既登録_20代後半_職種不問,8日以降,1日以内,全国,高等学校,2015,2021,35,23,～2社,指定なし,-,首都圏/愛知/大阪/兵庫,第一希望,～半年以内,含まない
80,LEGACY,【未送信リスト】既登録_年齢不問_有効職,8日以降,1日以内,全国,高等学校,2015,2025,35,19,～2社,有効職,第一希望,首都圏/愛知/大阪/兵庫,第一希望,～半年以内,含まない
81,LEGACY,【未送信リスト】既登録_年齢不問_職種不問,8日以降,1日以内,全国,高等学校,2015,2025,35,19,～2社,指定なし,-,首都圏/愛知/大阪/兵庫,第一希望,～半年以内,含まない
82,LEGACY,【未送信リスト】既登録_ログイン7日以内_有効職,8日以降,7日以内,全国,高等学校,2015,2025,35,19,～2社,有効職,第一希望,首都圏/愛知/大阪/兵庫,第一希望,～半年以内,含まない
83,LEGACY,≪送信済リスト≫20代前半_有効職_東日本,指定なし,1日以内,東日本,高等学校,2022,2025,28,19,～1社,有効職,第一希望,首都圏/愛知/大阪/兵庫,第一希望,～半年以内,のみ
84,LEGACY,≪送信済リスト≫20代前半_有効職_西日本,指定なし,1日以内,西日本,高等学校,2022,2025,28,19,～1社,有効職,第一希望,首都圏/愛知/大阪/兵庫,第一希望,～半年以内,のみ
85,LEGACY,≪送信済リスト≫20代前半_有効職_全国,指定なし,1日以内,全国,高等学校,2022,2025,28,19,～1社,有効職,第一希望,首都圏/愛知/大阪/兵庫,第一希望,～半年以内,のみ
86,LEGACY,≪送信済リスト≫20代前半_職種不問_東日本①,指定なし,1日以内,東日本,高等学校,2024,2025,26,19,～1社,指定なし,-,首都圏/愛知/大阪/兵庫,第一希望,～半年以内,のみ
87,LEGACY,≪送信済リスト≫20代前半_職種不問_東日本②,指定なし,1日以内,東日本,高等学校,2022,2023,28,21,～1社,指定なし,-,首都圏/愛知/大阪/兵庫,第一希望,～半年以内,のみ
88,LEGACY,≪送信済リスト≫20代前半_職種不問_西日本,指定なし,1日以内,西日本,高等学校,2022,2025,28,19,～1社,指定なし,-,首都圏/愛知/大阪/兵庫,第一希望,～半年以内,のみ
89,LEGACY,≪送信済リスト≫20代後半_有効職_東日本,指定なし,1日以内,東日本,高等学校,2015,2021,35,23,～2社,有効職,第一希望,首都圏/愛知/大阪/兵庫,第一希望,～半年以内,のみ
90,LEGACY,≪送信済リスト≫20代後半_有効職_西日本,指定なし,1日以内,西日本,高等学校,2015,2021,35,23,～2社,有効職,第一希望,首都圏/愛知/大阪/兵庫,第一希望,～半年以内,のみ
91,LEGACY,≪送信済リスト≫20代後半_有効職_全国,指定なし,1日以内,全国,高等学校,2015,2021,35,23,～2社,有効職,第一希望,首都圏/愛知/大阪/兵庫,第一希望,～半年以内,のみ
92,LEGACY,≪送信済リスト≫20代後半_職種不問_東日本①,指定なし,1日以内,東日本,高等学校,2019,2021,31,23,～2社,指定なし,-,首都圏/愛知/大阪/兵庫,第一希望,～半年以内,のみ
93,LEGACY,≪送信済リスト≫20代後半_職種不問_東日本②,指定なし,1日以内,東日本,高等学校,2015,2018,35,26,～2社,指定なし,-,首都圏/愛知/大阪/兵庫,第一希望,～半年以内,のみ
94,LEGACY,≪送信済リスト≫20代後半_職種不問_西日本,指定なし,1日以内,西日本,高等学校,2015,2021,35,23,～2社,指定なし,-,首都圏/愛知/大阪/兵庫,第一希望,～半年以内,のみ
95,LEGACY,≪送信済リスト≫20代前半_営業職_全国,指定なし,1日以内,全国,高等学校,2022,2025,28,19,～1社,営業職,第一希望,首都圏/愛知/大阪/兵庫,第一希望,～半年以内,のみ
96,LEGACY,≪送信済リスト≫20代後半_営業職_全国,指定なし,1日以内,全国,高等学校,2015,2021,35,23,～2社,営業職,第一希望,首都圏/愛知/大阪/兵庫,第一希望,～半年以内,のみ
97,LEGACY,≪送信済リスト≫年齢不問_営業職_全国,指定なし,1日以内,全国,高等学校,2015,2025,35,19,～2社,営業職,第一希望,首都圏/愛知/大阪/兵庫,第一希望,～半年以内,のみ
98,LEGACY,≪ログインしてない層≫25～25年_職種不問,指定なし,6～2日前,全国,高等学校,2025,2025,25,19,～1社,指定なし,-,首都圏/愛知/大阪/兵庫,第一希望,～半年以内,のみ
99,LEGACY,≪ログインしてない層≫24～24年_職種不問,指定なし,6～2日前,全国,高等学校,2024,2024,26,20,～1社,指定なし,-,首都圏/愛知/大阪/兵庫,第一希望,～半年以内,のみ
100,LEGACY,≪ログインしてない層≫23～23年_職種不問,指定なし,6～2日前,全国,高等学校,2023,2023,27,21,～1社,指定なし,-,首都圏/愛知/大阪/兵庫,第一希望,～半年以内,のみ
101,LEGACY,≪ログインしてない層≫22～22年_職種不問,指定なし,6～2日前,全国,高等学校,2022,2022,28,22,～1社,指定なし,-,首都圏/愛知/大阪/兵庫,第一希望,～半年以内,のみ
102,LEGACY,≪ログインしてない層≫20～21年_職種不問,指定なし,6～2日前,全国,高等学校,2020,2021,30,23,～1社,指定なし,-,首都圏/愛知/大阪/兵庫,第一希望,～半年以内,のみ
103,LEGACY,≪ログインしてない層≫18～19年_職種不問,指定なし,6～2日前,全国,高等学校,2018,2019,32,25,～2社,指定なし,-,首都圏/愛知/大阪/兵庫,第一希望,～半年以内,のみ
104,LEGACY,≪ログインしてない層≫15～17年_職種不問,指定なし,6～2日前,全国,高等学校,2015,2017,35,27,～2社,指定なし,-,首都圏/愛知/大阪/兵庫,第一希望,～半年以内,のみ
105,LEGACY,〘夜間〙未送信リスト_開放日_有効職,指定なし,1日以内,全国,高等学校,2015,2025,35,19,～2社,有効職,第一希望,首都圏/愛知/大阪/兵庫,第一希望,～半年以内,含まない
106,LEGACY,【求人個別配信用】タツミ石狩_ルート営業,指定なし,1日以内,全国,高等学校,2010,2025,40,19,～2社,営業職,第五希望含む,北海道,第一希望,～半年以内,含む
107,LEGACY,【求人個別配信用】タツミ石狩_事務職,指定なし,1日以内,全国,大学,2010,2025,40,23,～2社,事務職,第五希望含む,北海道,第一希望,～半年以内,含む
108,LEGACY,【求人個別配信用】タツミ石狩_事務/営業,指定なし,1日以内,全国,高等学校,2010,2025,40,19,～2社,指定なし,-,北海道,第一希望,～半年以内,含む
109,LEGACY,【求人個別配信用】ディップ北関東_営業,指定なし,1日以内,全国,高等学校,2015,2025,35,19,～2社,営業職,第一希望,東京／神奈川／埼玉／千葉／茨城／栃木／群馬,第一希望,～半年以内,含む
110,LEGACY,【求人個別配信用】ディップ関西/東海_営業,指定なし,1日以内,全国,高等学校,2015,2025,35,19,～2社,営業職,第一希望,大阪／京都／兵庫／愛知／静岡,第一希望,～半年以内,含む
111,LEGACY,【求人個別配信用】ディップ関東_営業,指定なし,1日以内,全国,高等学校,2015,2025,35,19,～2社,営業職,第一希望,東京／神奈川／埼玉／千葉,第一希望,～半年以内,含む
112,LEGACY,【求人個別配信用】ディップ愛知大阪兵庫_営業,指定なし,1日以内,全国,高等学校,2015,2025,35,19,～2社,営業職,第一希望,大阪／兵庫／愛知,第一希望,～半年以内,含む
113,LEGACY,【求人個別配信用】ディップ茨城栃木群馬_営業,指定なし,1日以内,全国,高等学校,2015,2025,35,19,～2社,営業職,第一希望,茨城／栃木／群馬,第一希望,～半年以内,含む
114,LEGACY,【求人個別配信用】ディップ静岡京都_営業,指定なし,1日以内,全国,高等学校,2015,2025,35,19,～2社,営業職,第一希望,京都／静岡,第一希望,～半年以内,含む
115,LEGACY,【未送信リスト】開放日_ログイン7日以内_職種不問,7日以内,7日以内,全国,高等学校,2015,2025,35,19,～2社,指定なし,-,首都圏/愛知/大阪/兵庫,第一希望,～半年以内,含まない
116,LEGACY,【未送信リスト】既登録_ログイン7日以内_職種不問,8日以降,7日以内,全国,高等学校,2015,2025,35,19,～2社,指定なし,-,首都圏/愛知/大阪/兵庫,第一希望,～半年以内,含まない
117,LEGACY,≪送信済リスト≫21～21年_職種不問,指定なし,1日以内,全国,高等学校,2021,2021,29,23,～1社,指定なし,-,首都圏/愛知/大阪/兵庫,第一希望,～半年以内,のみ
118,LEGACY,≪送信済リスト≫20～20年_職種不問,指定なし,1日以内,全国,高等学校,2020,2020,30,24,～1社,指定なし,-,首都圏/愛知/大阪/兵庫,第一希望,～半年以内,のみ
119,LEGACY,≪送信済リスト≫24～25年_職種不問,指定なし,1日以内,全国,高等学校,2024,2025,26,19,～1社,指定なし,-,首都圏/愛知/大阪/兵庫,第一希望,～半年以内,のみ
120,LEGACY,≪送信済リスト≫22～23年_職種不問,指定なし,1日以内,全国,高等学校,2022,2023,28,21,～1社,指定なし,-,首都圏/愛知/大阪/兵庫,第一希望,～半年以内,のみ
121,LEGACY,≪送信済≫既登録_西日本_卒業のみ_21-25_経験2社_エリア第１_半年以内,8日以降,1日以内,西日本,,2021,2025,,,～２社,指定なし,-,首都圏/愛知/大阪/兵庫/京都,第一希望,半年以内,のみ
122,LEGACY,≪送信済≫既登録_東日本_卒業のみ_22-25_経験1社_エリア第１_半年以内,8日以降,1日以内,東日本,,2022,2025,,,～1社,指定なし,-,首都圏/愛知/大阪/兵庫/京都,第一希望,半年以内,のみ
123,LEGACY,≪送信済≫既登録_西日本_卒業のみ_21-25_経験2社_エリア第１_半年以内,8日以降,1日以内,西日本,,2021,2025,,,～２社,指定なし,-,首都圏/愛知/大阪/兵庫/京都,第一希望,半年以内,のみ
124,LEGACY,【未送信】既登録_東日本_学歴不問_15-18_経験3社_エリア第2,8日以降,1日以内,東日本,,2015,2018,,,～3社,指定なし,-,首都圏/愛知/大阪/兵庫/京都,第二希望,,含まない
125,LEGACY,【未送信】既登録_西日本_学歴不問_15-18_経験3社_エリア第2,8日以降,1日以内,西日本,,2015,2018,,,～3社,指定なし,-,首都圏/愛知/大阪/兵庫/京都,第二希望,,含まない
126,LEGACY,【未送信】既登録_西日本_学歴不問_19-25_経験2社_エリア第2,8日以降,1日以内,西日本,,2019,2025,,,～２社,指定なし,-,首都圏/愛知/大阪/兵庫/京都,第二希望,,含まない
