sort_order,large,middle,small
1,営業,営業・代理店営業・ルートセールス・MR,営業・企画営業（法人向け）
2,営業,営業・代理店営業・ルートセールス・MR,営業・企画営業（個人向け）
3,営業,営業・代理店営業・ルートセールス・MR,営業マネジャー・営業管理職
4,営業,営業・代理店営業・ルートセールス・MR,代理店営業・パートナーセールス
5,営業,営業・代理店営業・ルートセールス・MR,内勤営業・カウンターセールス
6,営業,営業・代理店営業・ルートセールス・MR,ルートセールス・渉外・外商
7,営業,営業・代理店営業・ルートセールス・MR,海外営業
8,営業,営業・代理店営業・ルートセールス・MR,メディカル営業（MR・MS・その他）
9,営業,営業・代理店営業・ルートセールス・MR,その他営業・代理店営業・ルートセールス・MR関連職
10,営業,人材コーディネーター・カウンセラー,キャリアカウンセラー
11,営業,人材コーディネーター・カウンセラー,人材コーディネーター
12,営業,コールセンター・カスタマーサポート,コールセンター管理・運営
13,営業,コールセンター・カスタマーサポート,カスタマーサポート・サポートデスク
14,営業,コールセンター・カスタマーサポート,テクニカルサポート
15,営業,コールセンター・カスタマーサポート,オペレーター・アポインター
16,販売・フード・アミューズメント,スーパーバイザー・教育担当,スーパーバイザー・エリアマネジャー
17,販売・フード・アミューズメント,スーパーバイザー・教育担当,教育・研修トレーナー
18,販売・フード・アミューズメント,小売・流通,店長・店長候補（小売・流通系）
19,販売・フード・アミューズメント,小売・流通,販売・販売アドバイザー・売り場担当
20,販売・フード・アミューズメント,小売・流通,美容部員
21,販売・フード・アミューズメント,小売・流通,その他小売・流通関連職
22,販売・フード・アミューズメント,フード・アミューズメント,店長・店長候補（フード・アミューズメント系）
23,販売・フード・アミューズメント,フード・アミューズメント,ホール・フロアスタッフ
24,販売・フード・アミューズメント,フード・アミューズメント,調理・調理補助
25,販売・フード・アミューズメント,フード・アミューズメント,その他フード・アミューズメント関連職
26,医療・福祉,医療サービス,管理薬剤師・薬剤師・登録販売者
27,医療・福祉,医療サービス,医師
28,医療・福祉,医療サービス,看護師・准看護師・保健師・助産師
29,医療・福祉,医療サービス,歯科医師
30,医療・福祉,医療サービス,歯科技工士・歯科衛生士
31,医療・福祉,医療サービス,PT（理学療法士）・OT（作業療法士）・ST（言語聴覚士）・ORT（視能訓練士）
32,医療・福祉,医療サービス,マッサージ師・柔道整復師・鍼師・灸師
33,医療・福祉,医療サービス,各種検査技師
34,医療・福祉,医療サービス,臨床心理士・カウンセラー・セラピスト
35,医療・福祉,医療サービス,医療事務・医療秘書
36,医療・福祉,医療サービス,獣医
37,医療・福祉,医療サービス,その他医療サービス関連職
38,医療・福祉,福祉・介護サービス・栄養,介護・福祉事業責任者・施設長
39,医療・福祉,福祉・介護サービス・栄養,ケアマネジャー（介護支援専門員）
40,医療・福祉,福祉・介護サービス・栄養,サービス提供責任者
41,医療・福祉,福祉・介護サービス・栄養,介護職・ヘルパー
42,医療・福祉,福祉・介護サービス・栄養,生活相談員・生活支援員
43,医療・福祉,福祉・介護サービス・栄養,介護系事務職
44,医療・福祉,福祉・介護サービス・栄養,管理栄養士・栄養士・フードコーディネーター
45,医療・福祉,福祉・介護サービス・栄養,その他福祉・介護サービス・栄養関連職
46,企画・経営,マーケティング・企画・宣伝,マーケティングリサーチ・分析
47,企画・経営,マーケティング・企画・宣伝,販促企画・営業企画
48,企画・経営,マーケティング・企画・宣伝,商品企画・商品開発
49,企画・経営,マーケティング・企画・宣伝,広告宣伝
50,企画・経営,マーケティング・企画・宣伝,その他マーケティング・企画・宣伝関連職
51,企画・経営,MD・バイヤー・店舗開発,マーチャンダイザー
52,企画・経営,MD・バイヤー・店舗開発,仕入れ・バイヤー
53,企画・経営,MD・バイヤー・店舗開発,店舗開発・FC開発
54,企画・経営,事業企画・経営企画・エグゼクティブ,事業企画・事業プロデュース
55,企画・経営,事業企画・経営企画・エグゼクティブ,海外事業企画
56,企画・経営,事業企画・経営企画・エグゼクティブ,経営企画
57,企画・経営,事業企画・経営企画・エグゼクティブ,CIO・CTO
58,企画・経営,事業企画・経営企画・エグゼクティブ,経営幹部（CEO・CFO・COO等）
59,企画・経営,FCオーナー・代理店研修生,FCオーナー・代理店研修生
60,建築・土木,設計・積算・測量・構造解析,建設コンサルタント
61,建築・土木,設計・積算・測量・構造解析,測量
62,建築・土木,設計・積算・測量・構造解析,建築設計
63,建築・土木,設計・積算・測量・構造解析,土木設計
64,建築・土木,設計・積算・測量・構造解析,プラント設計
65,建築・土木,設計・積算・測量・構造解析,電気設備設計
66,建築・土木,設計・積算・測量・構造解析,空調設備設計
67,建築・土木,設計・積算・測量・構造解析,その他設計・設備設計
68,建築・土木,設計・積算・測量・構造解析,CADオペレーター（建築）・製図
69,建築・土木,設計・積算・測量・構造解析,積算
70,建築・土木,設計・積算・測量・構造解析,構造解析（建築・土木）
71,建築・土木,施工管理・設備・環境保全,建築施工管理・工事監理者
72,建築・土木,施工管理・設備・環境保全,内装施工管理・工事監理者（リフォーム・住宅・商業施設等）
73,建築・土木,施工管理・設備・環境保全,土木施工管理・工事監理者
74,建築・土木,施工管理・設備・環境保全,造園施工管理・工事監理者
75,建築・土木,施工管理・設備・環境保全,プラント施工管理・工事監理者
76,建築・土木,施工管理・設備・環境保全,電気設備施工管理・工事監理者
77,建築・土木,施工管理・設備・環境保全,空調設備施工管理・工事監理者
78,建築・土木,施工管理・設備・環境保全,管工事施工管理・工事監理者
79,建築・土木,施工管理・設備・環境保全,その他施工管理
80,建築・土木,施工管理・設備・環境保全,設備保全・メンテナンス
81,建築・土木,施工管理・設備・環境保全,環境保全・管理・調査・分析
82,建築・土木,研究開発・品質管理・特許その他,製品・研究開発（建築・土木・プラント・設備）
83,建築・土木,研究開発・品質管理・特許その他,生産技術・生産管理（建築・土木・プラント・設備）
84,建築・土木,研究開発・品質管理・特許その他,品質管理・保証（建築・土木・プラント・設備）
85,ITエンジニア,コンサルタント・アナリスト・プリセールス,システムアナリスト
86,ITエンジニア,コンサルタント・アナリスト・プリセールス,ITアーキテクト
87,ITエンジニア,コンサルタント・アナリスト・プリセールス,システムコンサルタント（業務系）
88,ITエンジニア,コンサルタント・アナリスト・プリセールス,システムコンサルタント（DB・ミドルウェア）
89,ITエンジニア,コンサルタント・アナリスト・プリセールス,システムコンサルタント（ネットワーク・通信）
90,ITエンジニア,コンサルタント・アナリスト・プリセールス,パッケージ導入コンサルタント（ERP・SCM・CRM等）
91,ITエンジニア,コンサルタント・アナリスト・プリセールス,セキュリティコンサルタント
92,ITエンジニア,コンサルタント・アナリスト・プリセールス,プリセールス・セールスエンジニア
93,ITエンジニア,システム開発（WEB・オープン・モバイル系）,プロジェクトマネジャー・リーダー(WEB・オープン・モバイル系）
94,ITエンジニア,システム開発（WEB・オープン・モバイル系）,システムエンジニア（アプリ設計／WEB・オープン・モバイル系）
95,ITエンジニア,システム開発（WEB・オープン・モバイル系）,システムエンジニア（DB・ミドルウェア設計／WEB・オープン・モバイル系）
96,ITエンジニア,システム開発（WEB・オープン・モバイル系）,プログラマー（WEB・オープン・モバイル系）
97,ITエンジニア,システム開発（汎用機系）,プロジェクトマネジャー・リーダー（汎用機系）
98,ITエンジニア,システム開発（汎用機系）,システムエンジニア（アプリ設計／汎用機系）
99,ITエンジニア,システム開発（汎用機系）,システムエンジニア（DB・ミドルウェア設計／汎用機系）
100,ITエンジニア,システム開発（汎用機系）,プログラマー（汎用機系）
101,ITエンジニア,システム開発（組み込み・ファームウェア・制御系）,プロジェクトマネジャー(制御系)
102,ITエンジニア,システム開発（組み込み・ファームウェア・制御系）,システムエンジニア(通信制御ソフト開発／制御系)
103,ITエンジニア,システム開発（組み込み・ファームウェア・制御系）,システムエンジニア(マイコン・計測・画像等／制御系)
104,ITエンジニア,システム開発（組み込み・ファームウェア・制御系）,プログラマー(制御系)
105,ITエンジニア,パッケージソフト・ミドルウェア開発,プロダクトマネジャー（パッケージソフト・ミドルウェア）
106,ITエンジニア,パッケージソフト・ミドルウェア開発,システムエンジニア（パッケージソフト・ミドルウェア）
107,ITエンジニア,パッケージソフト・ミドルウェア開発,プログラマー（パッケージソフト・ミドルウェア）
108,ITエンジニア,パッケージソフト・ミドルウェア開発,ローカライズ　（パッケージソフト・ミドルウェア）
109,ITエンジニア,ネットワーク・通信インフラ・サーバー設計・構築,ネットワーク設計・構築（LAN・WAN・インターネット）
110,ITエンジニア,ネットワーク・通信インフラ・サーバー設計・構築,サーバ設計・構築（LAN・WAN・インターネット）
111,ITエンジニア,ネットワーク・通信インフラ・サーバー設計・構築,通信設備計画策定
112,ITエンジニア,ネットワーク・通信インフラ・サーバー設計・構築,通信設備設計・構築（有線系）
113,ITエンジニア,ネットワーク・通信インフラ・サーバー設計・構築,通信設備設計・構築（無線系）
114,ITエンジニア,ネットワーク・通信インフラ・サーバー設計・構築,通信設備設置・テスト
115,ITエンジニア,テクニカルサポート・監視・運用・保守,サーバ・マシン運用・監視
116,ITエンジニア,テクニカルサポート・監視・運用・保守,ネットワーク運用・監視
117,ITエンジニア,テクニカルサポート・監視・運用・保守,テクニカルサポート（ソフトウェア・ネットワーク）
118,ITエンジニア,テクニカルサポート・監視・運用・保守,導入・運用トレーナー
119,ITエンジニア,社内システム,社内情報化戦略・推進
120,ITエンジニア,社内システム,社内システム開発・運用
121,ITエンジニア,研究開発・特許・品質管理・その他,研究開発（ソフトウェア・ネットワーク）
122,ITエンジニア,研究開発・特許・品質管理・その他,特許技術者（ソフトウェア・ネットワーク）
123,ITエンジニア,研究開発・特許・品質管理・その他,品質管理（ソフトウェア・ネットワーク）
124,ITエンジニア,研究開発・特許・品質管理・その他,その他研究開発・特許・品質管理関連職
125,電気・電子・機械・半導体,研究・開発・特許,基礎研究（電気・電子・機械・半導体・材料系）
126,電気・電子・機械・半導体,研究・開発・特許,応用研究（電気・電子・機械・半導体・材料系）
127,電気・電子・機械・半導体,研究・開発・特許,特許技術者（電気・電子・機械・半導体・材料系）
128,電気・電子・機械・半導体,回路・システム・半導体設計・光学関連,システム設計・アーキテクチャー
129,電気・電子・機械・半導体,回路・システム・半導体設計・光学関連,デジタル回路設計
130,電気・電子・機械・半導体,回路・システム・半導体設計・光学関連,アナログ回路設計
131,電気・電子・機械・半導体,回路・システム・半導体設計・光学関連,高周波回路設計
132,電気・電子・機械・半導体,回路・システム・半導体設計・光学関連,混載回路設計
133,電気・電子・機械・半導体,回路・システム・半導体設計・光学関連,システムLSI設計
134,電気・電子・機械・半導体,回路・システム・半導体設計・光学関連,デジタルIC設計
135,電気・電子・機械・半導体,回路・システム・半導体設計・光学関連,アナログIC設計
136,電気・電子・機械・半導体,回路・システム・半導体設計・光学関連,高周波IC設計
137,電気・電子・機械・半導体,回路・システム・半導体設計・光学関連,混載IC設計
138,電気・電子・機械・半導体,回路・システム・半導体設計・光学関連,パワーIC設計
139,電気・電子・機械・半導体,回路・システム・半導体設計・光学関連,光学設計・その他光学関連職
140,電気・電子・機械・半導体,回路・システム・半導体設計・光学関連,その他設計
141,電気・電子・機械・半導体,制御設計,制御設計（家電・コンピューター・通信機器系）
142,電気・電子・機械・半導体,制御設計,制御設計（精密・医療用機器系）
143,電気・電子・機械・半導体,制御設計,制御設計（自動車・輸送用機器系）
144,電気・電子・機械・半導体,制御設計,制御設計（工作機械・ロボット系）
145,電気・電子・機械・半導体,制御設計,制御設計（その他）
146,電気・電子・機械・半導体,機械・機構設計・金型設計・解析,機械・機構設計（家電・コンピューター・通信機器系）
147,電気・電子・機械・半導体,機械・機構設計・金型設計・解析,機械・機構設計（精密・医療用機器系）
148,電気・電子・機械・半導体,機械・機構設計・金型設計・解析,機械・機構設計（自動車・輸送用機器系）
149,電気・電子・機械・半導体,機械・機構設計・金型設計・解析,機械・機構設計（工作機械・ロボット・機械系）
150,電気・電子・機械・半導体,機械・機構設計・金型設計・解析,機械・機構設計（その他）
151,電気・電子・機械・半導体,機械・機構設計・金型設計・解析,金型設計
152,電気・電子・機械・半導体,機械・機構設計・金型設計・解析,解析
153,電気・電子・機械・半導体,生産・製造・プロセス技術,生産・製造・プロセス技術（家電・コンピューター・通信機器系）
154,電気・電子・機械・半導体,生産・製造・プロセス技術,生産・製造・プロセス技術（精密・医療用機器系）
155,電気・電子・機械・半導体,生産・製造・プロセス技術,生産・製造・プロセス技術（自動車・輸送用機器系）
156,電気・電子・機械・半導体,生産・製造・プロセス技術,生産・製造・プロセス技術（工作機械・ロボット系）
157,電気・電子・機械・半導体,生産・製造・プロセス技術,生産・製造・プロセス技術（半導体・電子部品系）
158,電気・電子・機械・半導体,生産・製造・プロセス技術,生産・製造・プロセス技術（機械部品・金型・治工具系）
159,電気・電子・機械・半導体,生産・製造・プロセス技術,生産・製造・プロセス技術（その他）
160,電気・電子・機械・半導体,品質保証・品質管理・生産管理・製造管理,品質保証（電気・電子・機械・半導体・材料系）
161,電気・電子・機械・半導体,品質保証・品質管理・生産管理・製造管理,品質管理（電気・電子・機械・半導体・材料系）
162,電気・電子・機械・半導体,品質保証・品質管理・生産管理・製造管理,生産管理・製造管理（電気・電子・機械・半導体・材料系）
163,電気・電子・機械・半導体,セールスエンジニア・FAE,セールスエンジニア・FAE（家電・コンピューター・通信機器系）
164,電気・電子・機械・半導体,セールスエンジニア・FAE,セールスエンジニア・FAE（精密・医療用機器系）
165,電気・電子・機械・半導体,セールスエンジニア・FAE,セールスエンジニア・FAE（自動車・輸送用機器系）
166,電気・電子・機械・半導体,セールスエンジニア・FAE,セールスエンジニア・FAE（工作機械・ロボット・機械系）
167,電気・電子・機械・半導体,セールスエンジニア・FAE,セールスエンジニア・FAE（その他）
168,電気・電子・機械・半導体,サービスエンジニア・サポートエンジニア,サービスエンジニア・サポートエンジニア（家電・コンピューター・通信機器系）
169,電気・電子・機械・半導体,サービスエンジニア・サポートエンジニア,サービスエンジニア・サポートエンジニア（精密・医療用機器系）
170,電気・電子・機械・半導体,サービスエンジニア・サポートエンジニア,サービスエンジニア・サポートエンジニア（自動車・輸送用機器系）
171,電気・電子・機械・半導体,サービスエンジニア・サポートエンジニア,サービスエンジニア・サポートエンジニア（工作機械・ロボット・機械系）
172,電気・電子・機械・半導体,サービスエンジニア・サポートエンジニア,サービスエンジニア・サポートエンジニア（その他）
173,電気・電子・機械・半導体,CAD・CAM（電気・電子・半導体・機械系）,CAD・CAMオペレーター（電気・電子・機械・半導体系）
174,電気・電子・機械・半導体,評価・検査,評価・検査（家電・コンピューター・通信機器系）
175,電気・電子・機械・半導体,評価・検査,評価・検査（精密・医療用機器系）
176,電気・電子・機械・半導体,評価・検査,評価・検査（自動車・輸送用機器系）
177,電気・電子・機械・半導体,評価・検査,評価・検査（工作機械・ロボット・機械系）
178,電気・電子・機械・半導体,評価・検査,評価・検査（その他）
179,医薬・食品・化学・素材,化学・素材・バイオ,基礎・応用研究・技術開発
180,医薬・食品・化学・素材,化学・素材・バイオ,生産技術・製造技術
181,医薬・食品・化学・素材,化学・素材・バイオ,生産管理
182,医薬・食品・化学・素材,化学・素材・バイオ,設備管理
183,医薬・食品・化学・素材,化学・素材・バイオ,品質管理・保証(化学・素材・バイオ系)
184,医薬・食品・化学・素材,化学・素材・バイオ,フィールドエンジニア
185,医薬・食品・化学・素材,化学・素材・バイオ,セールスエンジニア(化学・素材・バイオ系)
186,医薬・食品・化学・素材,化学・素材・バイオ,その他化学・素材・バイオ関連職
187,医薬・食品・化学・素材,食品・化粧品,基礎研究
188,医薬・食品・化学・素材,食品・化粧品,商品開発
189,医薬・食品・化学・素材,食品・化粧品,生産技術・生産管理・製造技術（食品・化粧品系）
190,医薬・食品・化学・素材,食品・化粧品,品質管理・保証(食品・化粧品系)
191,医薬・食品・化学・素材,食品・化粧品,申請関連
192,医薬・食品・化学・素材,食品・化粧品,その他食品・化粧品関連職
193,医薬・食品・化学・素材,医薬品・医療機器,研究(基礎・シーズ探索・スクリーニング)
194,医薬・食品・化学・素材,医薬品・医療機器,研究(ゲノム・バイオ)
195,医薬・食品・化学・素材,医薬品・医療機器,前臨床研究
196,医薬・食品・化学・素材,医薬品・医療機器,臨床開発モニター(CRA)
197,医薬・食品・化学・素材,医薬品・医療機器,治験コーディネーター（CRC）
198,医薬・食品・化学・素材,医薬品・医療機器,臨床開発
199,医薬・食品・化学・素材,医薬品・医療機器,薬事申請（医薬品・医療機器・医薬部外品・化粧品系）
200,医薬・食品・化学・素材,医薬品・医療機器,生産技術・生産管理・製造技術（医薬品・医療機器系）
201,医薬・食品・化学・素材,医薬品・医療機器,品質管理・保証(医薬品・医療機器系)
202,医薬・食品・化学・素材,医薬品・医療機器,データマネジメント・生物統計
203,医薬・食品・化学・素材,医薬品・医療機器,学術
204,医薬・食品・化学・素材,医薬品・医療機器,その他医薬品・医療機器関連職
205,コンサルタント・金融・不動産専門職,コンサルタント,コンサルタント（経営戦略）
206,コンサルタント・金融・不動産専門職,コンサルタント,コンサルタント（財務・会計）
207,コンサルタント・金融・不動産専門職,コンサルタント,コンサルタント（業務プロセス）
208,コンサルタント・金融・不動産専門職,コンサルタント,コンサルタント（組織・人事）
209,コンサルタント・金融・不動産専門職,コンサルタント,コンサルタント（生産・物流）
210,コンサルタント・金融・不動産専門職,コンサルタント,コンサルタント（営業・マーケティング）
211,コンサルタント・金融・不動産専門職,コンサルタント,ISOコンサルタント・ISO審査員
212,コンサルタント・金融・不動産専門職,コンサルタント,公開業務(IPO)
213,コンサルタント・金融・不動産専門職,コンサルタント,M&A
214,コンサルタント・金融・不動産専門職,コンサルタント,研究調査員・リサーチャー
215,コンサルタント・金融・不動産専門職,コンサルタント,その他コンサルタント関連職
216,コンサルタント・金融・不動産専門職,士業（公認会計士・税理士・弁護士・その他）,公認会計士
217,コンサルタント・金融・不動産専門職,士業（公認会計士・税理士・弁護士・その他）,税理士
218,コンサルタント・金融・不動産専門職,士業（公認会計士・税理士・弁護士・その他）,弁護士
219,コンサルタント・金融・不動産専門職,士業（公認会計士・税理士・弁護士・その他）,弁理士・特許技術者
220,コンサルタント・金融・不動産専門職,士業（公認会計士・税理士・弁護士・その他）,司法書士・行政書士
221,コンサルタント・金融・不動産専門職,士業（公認会計士・税理士・弁護士・その他）,社会保険労務士
222,コンサルタント・金融・不動産専門職,士業（公認会計士・税理士・弁護士・その他）,士業補助者
223,コンサルタント・金融・不動産専門職,金融系専門職（営業・投資銀行・運用・分析）,金融営業（法人）
224,コンサルタント・金融・不動産専門職,金融系専門職（営業・投資銀行・運用・分析）,金融営業（個人）・リテール・FP
225,コンサルタント・金融・不動産専門職,金融系専門職（営業・投資銀行・運用・分析）,金融営業（代理店）・パートナーセールス
226,コンサルタント・金融・不動産専門職,金融系専門職（営業・投資銀行・運用・分析）,投資銀行業務（インベストバンキング）
227,コンサルタント・金融・不動産専門職,金融系専門職（営業・投資銀行・運用・分析）,運用業務・ファンドマネジャー
228,コンサルタント・金融・不動産専門職,金融系専門職（営業・投資銀行・運用・分析）,トレーダー・ディーラー
229,コンサルタント・金融・不動産専門職,金融系専門職（営業・投資銀行・運用・分析）,アナリスト・エコノミスト
230,コンサルタント・金融・不動産専門職,金融系専門職（営業・投資銀行・運用・分析）,ストラテジックファイナンス
231,コンサルタント・金融・不動産専門職,金融系専門職（ミドル・バック・その他）,金融商品開発・アクチュアリー
232,コンサルタント・金融・不動産専門職,金融系専門職（ミドル・バック・その他）,投資理論・クオンツ
233,コンサルタント・金融・不動産専門職,金融系専門職（ミドル・バック・その他）,金融システム企画
234,コンサルタント・金融・不動産専門職,金融系専門職（ミドル・バック・その他）,リスク・与信・債権管理
235,コンサルタント・金融・不動産専門職,金融系専門職（ミドル・バック・その他）,金融事務
236,コンサルタント・金融・不動産専門職,金融系専門職（ミドル・バック・その他）,生損保系専門職（査定・損害調査等）
237,コンサルタント・金融・不動産専門職,金融系専門職（ミドル・バック・その他）,その他金融関連職
238,コンサルタント・金融・不動産専門職,不動産系専門職,不動産営業
239,コンサルタント・金融・不動産専門職,不動産系専門職,アセットマネジャー
240,コンサルタント・金融・不動産専門職,不動産系専門職,不動産鑑定・デューデリジェンス
241,コンサルタント・金融・不動産専門職,不動産系専門職,プロパティマネジャー
242,コンサルタント・金融・不動産専門職,不動産系専門職,ファシリティマネジャー
243,コンサルタント・金融・不動産専門職,不動産系専門職,用地仕入
244,コンサルタント・金融・不動産専門職,不動産系専門職,不動産事業企画
245,コンサルタント・金融・不動産専門職,不動産系専門職,不動産管理
246,コンサルタント・金融・不動産専門職,不動産系専門職,フロント（マンション管理・ビル管理）
247,コンサルタント・金融・不動産専門職,不動産系専門職,その他不動産関連職
248,クリエイティブ,広告・グラフィック,アカウントエグゼクティブ（AE）・アカウントプランナー
249,クリエイティブ,広告・グラフィック,メディアプランナー（MP)
250,クリエイティブ,広告・グラフィック,クリエイティブディレクター
251,クリエイティブ,広告・グラフィック,コピーライター
252,クリエイティブ,広告・グラフィック,アートディレクター
253,クリエイティブ,広告・グラフィック,グラフィックデザイナー・CGデザイナー・イラストレーター(広告系)
254,クリエイティブ,広告・グラフィック,フォトグラファー
255,クリエイティブ,広告・グラフィック,その他広告・グラフィック関連職
256,クリエイティブ,編集・制作,ディレクター・プロデューサー・進行管理（編集・制作系）
257,クリエイティブ,編集・制作,編集・校正
258,クリエイティブ,編集・制作,記者・ライター
259,クリエイティブ,編集・制作,テクニカルライター
260,クリエイティブ,印刷,DTPオペレーター
261,クリエイティブ,印刷,その他出版・印刷関連職
262,クリエイティブ,ファッション,ファッションデザイナー・服飾雑貨デザイナー・テキスタイルデザイナー
263,クリエイティブ,ファッション,パタンナー・縫製
264,クリエイティブ,ファッション,生産管理・品質管理（アパレル・ファッション）
265,クリエイティブ,ファッション,スタイリスト・ヘアメイク
266,クリエイティブ,ファッション,その他ファッション関連職
267,クリエイティブ,工業デザイン・インテリア・空間デザイン,プロダクトデザイナー（工業デザイン）
268,クリエイティブ,工業デザイン・インテリア・空間デザイン,生産管理・品質管理（工業プロダクト）
269,クリエイティブ,工業デザイン・インテリア・空間デザイン,インテリアデザイナー・インテリアコーディネーター
270,クリエイティブ,工業デザイン・インテリア・空間デザイン,空間・ディスプレイ・店舗デザイナー
271,クリエイティブ,放送・映像・音響・イベント・芸能,プロデューサー・ディレクター・プランナー・演出
272,クリエイティブ,放送・映像・音響・イベント・芸能,脚本家・放送作家
273,クリエイティブ,放送・映像・音響・イベント・芸能,アシスタントプロデューサー・アシスタントディレクター・進行
274,クリエイティブ,放送・映像・音響・イベント・芸能,アナウンサー・イベントコンパニオン・モデル・俳優
275,クリエイティブ,放送・映像・音響・イベント・芸能,芸能マネジャー
276,クリエイティブ,放送・映像・音響・イベント・芸能,グラフィックデザイナー・CGデザイナー・イラストレーター（映像系）
277,クリエイティブ,放送・映像・音響・イベント・芸能,制作関連技術者（カメラ・照明・音響）
278,クリエイティブ,放送・映像・音響・イベント・芸能,その他放送・映像・音響・イベント・芸能関連職
279,技能工・設備・配送・農林水産 他,技能工（整備・生産・製造・工事）,整備・メカニック（自動車・二輪車）
280,技能工・設備・配送・農林水産 他,技能工（整備・生産・製造・工事）,工場生産・製造（輸送用機器・家電・電子機器系）
281,技能工・設備・配送・農林水産 他,技能工（整備・生産・製造・工事）,工場生産・製造（食品・化粧品・医薬品系）
282,技能工・設備・配送・農林水産 他,技能工（整備・生産・製造・工事）,土木・建築・解体工事（とび工・鉄筋工等）
283,技能工・設備・配送・農林水産 他,技能工（整備・生産・製造・工事）,外装・内装工事（塗装工・防水工等）
284,技能工・設備・配送・農林水産 他,技能工（整備・生産・製造・工事）,設備工事（電気・通信）
285,技能工・設備・配送・農林水産 他,技能工（整備・生産・製造・工事）,工場生産・製造（アパレル・ファッション・その他製品）
286,技能工・設備・配送・農林水産 他,技能工（整備・生産・製造・工事）,その他整備・生産・製造・工事関連職
287,技能工・設備・配送・農林水産 他,施設・設備管理・警備・清掃,警備・守衛・清掃
288,技能工・設備・配送・農林水産 他,施設・設備管理・警備・清掃,マンション・ビル管理者
289,技能工・設備・配送・農林水産 他,施設・設備管理・警備・清掃,設備管理・保守（ガス・空調・上下水・消防等）
290,技能工・設備・配送・農林水産 他,施設・設備管理・警備・清掃,ビル施設管理
291,技能工・設備・配送・農林水産 他,施設・設備管理・警備・清掃,その他施設・設備管理・警備・清掃関連職
292,技能工・設備・配送・農林水産 他,配送・運送・倉庫,配送・宅配・セールスドライバー
293,技能工・設備・配送・農林水産 他,配送・運送・倉庫,運送ドライバー（中・長距離）
294,技能工・設備・配送・農林水産 他,配送・運送・倉庫,新聞配達・集金
295,技能工・設備・配送・農林水産 他,配送・運送・倉庫,倉庫作業・管理
296,技能工・設備・配送・農林水産 他,配送・運送・倉庫,その他配達・運送・倉庫関連職
297,技能工・設備・配送・農林水産 他,農林水産関連,農林水産関連（農業）
298,技能工・設備・配送・農林水産 他,農林水産関連,農林水産関連（林業）
299,技能工・設備・配送・農林水産 他,農林水産関連,農林水産関連（水産業）
300,技能工・設備・配送・農林水産 他,農林水産関連,農林水産関連（畜産業・その他）
301,技能工・設備・配送・農林水産 他,農林水産関連,飼育員（ブリーダー・調教師等）
302,技能工・設備・配送・農林水産 他,その他,その他職種
303,公共サービス,公務員・警察・消防・自衛隊,公務員（事務系）
304,公共サービス,公務員・警察・消防・自衛隊,公務員（技術系）
305,公共サービス,公務員・警察・消防・自衛隊,警察官
306,公共サービス,公務員・警察・消防・自衛隊,消防士
307,公共サービス,公務員・警察・消防・自衛隊,自衛隊
308,公共サービス,団体・学校法人職員,団体職員
309,公共サービス,団体・学校法人職員,学校法人職員
310,公共サービス,団体・学校法人職員,公共施設職員（図書館・美術館等）
311,管理・事務,購買・資材・貿易・物流,購買・資材調達
312,管理・事務,購買・資材・貿易・物流,貿易業務・国際業務
313,管理・事務,購買・資材・貿易・物流,物流企画・物流管理
314,管理・事務,購買・資材・貿易・物流,商品管理・在庫管理
315,管理・事務,経理・財務・会計,経理・財務
316,管理・事務,経理・財務・会計,会計・税務
317,管理・事務,人事・総務・法務・広報・IR・内部監査,総務
318,管理・事務,人事・総務・法務・広報・IR・内部監査,人事・労務・採用
319,管理・事務,人事・総務・法務・広報・IR・内部監査,法務・コンプライアンス
320,管理・事務,人事・総務・法務・広報・IR・内部監査,知的財産・特許
321,管理・事務,人事・総務・法務・広報・IR・内部監査,広報
322,管理・事務,人事・総務・法務・広報・IR・内部監査,IR
323,管理・事務,人事・総務・法務・広報・IR・内部監査,内部監査
324,管理・事務,人事・総務・法務・広報・IR・内部監査,情報セキュリティ
325,管理・事務,一般事務・受付・秘書,一般事務・庶務
326,管理・事務,一般事務・受付・秘書,営業事務・営業アシスタント
327,管理・事務,一般事務・受付・秘書,受付
328,管理・事務,一般事務・受付・秘書,秘書
329,管理・事務,一般事務・受付・秘書,その他一般事務・アシスタント・受付・秘書関連職
330,美容・ブライダル・ホテル・交通,エステ・理美容・リラクゼーション,エステティシャン
331,美容・ブライダル・ホテル・交通,エステ・理美容・リラクゼーション,理容師・美容師
332,美容・ブライダル・ホテル・交通,エステ・理美容・リラクゼーション,アロマセラピスト・ネイリスト
333,美容・ブライダル・ホテル・交通,エステ・理美容・リラクゼーション,トリマー
334,美容・ブライダル・ホテル・交通,エステ・理美容・リラクゼーション,その他エステ・理美容・リラクゼーション関連職
335,美容・ブライダル・ホテル・交通,ブライダル・葬祭,ブライダルコーディネーター・ウェディングプランナー
336,美容・ブライダル・ホテル・交通,ブライダル・葬祭,葬祭ディレクター・プランナー
337,美容・ブライダル・ホテル・交通,ブライダル・葬祭,その他ブライダル・葬祭関連職
338,美容・ブライダル・ホテル・交通,旅行・ホテル,旅行コーディネーター・添乗
339,美容・ブライダル・ホテル・交通,旅行・ホテル,カウンタースタッフ・予約手配・オペレーター
340,美容・ブライダル・ホテル・交通,旅行・ホテル,ホテル・宿泊施設サービス
341,美容・ブライダル・ホテル・交通,旅行・ホテル,その他旅行・ホテル関連職
342,美容・ブライダル・ホテル・交通,交通・運輸,タクシードライバー・ハイヤードライバー
343,美容・ブライダル・ホテル・交通,交通・運輸,バス運転手・バス乗務員
344,美容・ブライダル・ホテル・交通,交通・運輸,パイロット・航空管制官等空輸職
345,美容・ブライダル・ホテル・交通,交通・運輸,フライトアテンダント（CA・FA）・グランドスタッフ
346,美容・ブライダル・ホテル・交通,交通・運輸,鉄道乗務員・船舶乗務員
347,美容・ブライダル・ホテル・交通,交通・運輸,その他交通・運輸関連職
348,保育・教育・通訳,保育,保育士・幼稚園教諭
349,保育・教育・通訳,保育,児童相談員
350,保育・教育・通訳,保育,その他保育関連職
351,保育・教育・通訳,教師・講師・インストラクター,スクール運営・マネジメント
352,保育・教育・通訳,教師・講師・インストラクター,教師
353,保育・教育・通訳,教師・講師・インストラクター,講師
354,保育・教育・通訳,教師・講師・インストラクター,スポーツインストラクター・トレーナー
355,保育・教育・通訳,教師・講師・インストラクター,インストラクター(OA・その他)
356,保育・教育・通訳,教師・講師・インストラクター,教務事務
357,保育・教育・通訳,教師・講師・インストラクター,その他教師・講師・インストラクター関連職
358,保育・教育・通訳,通訳・翻訳,通訳
359,保育・教育・通訳,通訳・翻訳,翻訳
360,WEB・インターネット・ゲーム,WEBサイト・インターネットサービス,SEOコンサルタント・SEMコンサルタント
361,WEB・インターネット・ゲーム,WEBサイト・インターネットサービス,インターネットサービス企画
362,WEB・インターネット・ゲーム,WEBサイト・インターネットサービス,WEBプロデューサー・ディレクター
363,WEB・インターネット・ゲーム,WEBサイト・インターネットサービス,情報アーキテクト・UI/UXデザイナー
364,WEB・インターネット・ゲーム,WEBサイト・インターネットサービス,システムディレクター・テクニカルディレクター
365,WEB・インターネット・ゲーム,WEBサイト・インターネットサービス,アクセス解析・統計解析
366,WEB・インターネット・ゲーム,WEBサイト・インターネットサービス,WEBコンテンツ企画・制作
367,WEB・インターネット・ゲーム,WEBサイト・インターネットサービス,WEBデザイナー
368,WEB・インターネット・ゲーム,WEBサイト・インターネットサービス,フロントエンドエンジニア・コーダー
369,WEB・インターネット・ゲーム,WEBサイト・インターネットサービス,プログラマー(WEBサイト・インターネットサービス系)
370,WEB・インターネット・ゲーム,WEBサイト・インターネットサービス,その他WEBサイト・インターネットサービス関連職
371,WEB・インターネット・ゲーム,ゲーム・アミューズメント,ディレクター・プロデューサー（ゲーム・アミューズメント系)
372,WEB・インターネット・ゲーム,ゲーム・アミューズメント,ゲームプランナー・ゲーム企画
373,WEB・インターネット・ゲーム,ゲーム・アミューズメント,シナリオライター
374,WEB・インターネット・ゲーム,ゲーム・アミューズメント,グラフィックデザイナー・CGデザイナー・イラストレーター(ゲーム・アミューズメント系)
375,WEB・インターネット・ゲーム,ゲーム・アミューズメント,プログラマー(ゲーム・アミューズメント系)
376,WEB・インターネット・ゲーム,ゲーム・アミューズメント,サウンドクリエイター
377,WEB・インターネット・ゲーム,ゲーム・アミューズメント,その他ゲーム・アミューズメント関連職
378,WEB・インターネット・ゲーム,WEBショップ・ECサイト運営,WEBショップ・ECサイト運営
