name,kind,action,changed,subject,body
【未送信用】口コミ4.9オーダーメイド,UNSENT,SKIP,,≪口コミ評価4.9★≫経験を活かすオーダーメイド転職サポート,"[最終学歴]をご卒業後、
[経験職種]のお仕事で活躍されている貴方様へ

ご開封ありがとうございます。
株式会社ビズスタジオの[担当者]と申します。

＼2年連続受賞★内定実績が多数／
【マイナビAgent Award2024・2025】

弊社は、
20代～30代のキャリア形成・転職支援に特化したエージェント会社として、
これまで多くの方の転職をご支援してまいりました。

ありがたいことに、
「これまでの経験や強みを深掘りしてもらえた」
「キャリアの方向性を一緒に整理できた」
「面接対策や選考対策が実践的で心強かった」
「無理に急かされず、納得して次のステップに進めた」
といったお声を多くいただいております。

弊社では、特定の企業を一方的にご紹介するのではなく、
これまで培われてきたご経験・スキルを軸に、
今後どのようなキャリアを築いていきたいかを大切にしながら、
ご希望に合わせた“オーダーメイドの転職サポート""を行っております。

現在のご状況として、
このようなお考えはございませんか?

・これまでの経験を活かして、次のステップに進みたい
・今の環境でこのままキャリアを積み上げてよいのか悩んでいる
・年収や役割、働き方を見直したいと感じている
・転職は視野にあるが、方向性を整理しきれていない
・次の職場では、より納得感を持って働きたい

ひとつでも当てはまる場合は、ぜひご相談ください!
「まずはキャリアの棚卸しだけ」でも問題ございません。

転職活動は、お一人で進めるよりも
第三者の視点を入れることで、
選択肢や可能性が整理され、判断がしやすくなります。

ご自身のタイミングやペースを大切にしながら
ご相談いただければと思います。

━━━━━━━━━━━━━━━━━━━━━━
▼ 簡単3ステップ
1.【この転職エージェントに相談する】から応募
2.弊社より面談日の調整メッセージをお送りいたします。
　夜間・土日祝のご応募は翌平日にメッセージをお送りいたします。
3.後日、お電話もしくはオンラインにて面談
　事前準備は不要です◎気軽に何でもご相談ください！
━━━━━━━━━━━━━━━━━━━━━━
▼以下のような相談でも大歓迎
・転職活動をするかしないかで悩んでいる
・何から始めたらいいのか
・他のエージェントを使ったけど相性が悪かった
・自己応募で進めているが他の求人も見てみたい
━━━━━━━━━━━━━━━━━━━━━━
▼当社のサポート内容
・一般求人サイトにない非公開求人からもご紹介
・履歴書や職務経歴書の添削で選考の通過率UP
・志望動機や自己PRのアドバイス
・企業ごとに面接対策
・面接の日程調整や内定後の年収交渉
━━━━━━━━━━━━━━━━━━━━━━

内定をゴールとするのではなく、
その先のキャリアや働き方まで見据えた選択ができるよう、
長期的な視点でサポートすることを大切にしています。 

ぜひお気軽にご連絡ください。"
【未送信用】まずはキャリア相談から,UNSENT,SKIP,,[社名]のご経歴を拝見しました／まずはキャリア相談からでも大歓迎◎,"[最終学歴]をご卒業後、
[経験職種]のお仕事で活躍されている貴方様へ

ご開封ありがとうございます。
株式会社ビズスタジオの[担当者]と申します。

これまでのご経歴を拝見し、
今後のキャリアを考えるタイミングとして、
一度お話を伺ってみたいと感じ、ご連絡いたしました。

弊社は、
20代～30代のキャリア形成・転職支援に強みを持つ
エージェント会社です。

これまで培われてきたご経験やスキルを活かしながら、
今後どのようなステップを目指せるのか、
ご希望やお考えに合わせた形で企業のご提案を行っております。

転職活動は、お一人で進めるよりも
第三者の視点を取り入れることで、
選択肢や方向性を整理しやすくなります。

現在のご状況として、
このようなお悩みはございませんか?

/
「仕事を続けながら転職活動を進められるか不安」
「今の経験を、この先どう活かせるのか考えたい」
「ワークライフバランスも、収入面も見直したい」
「求人は見ているが、自分に合っているか判断がつかない」
「次の転職は、できるだけ納得感を持って進めたい」
＼

ひとつでも当てはまる場合は、ぜひご相談ください!  
転職を前提としない＜キャリア相談＞からでも問題ございません。  

転職活動を始めるきっかけとして、 
まずは【10分の面談】で、 
「今どう考えているか」「少し気になっていること」などを 
お気軽にお聞かせいただければと思います。  
━━━━━━━━━━━━━━━━━━━━━━
▼ 簡単3ステップ
1.【この転職エージェントに相談する】から応募
2.弊社より面談日の調整メッセージをお送りいたします。
　夜間・土日祝のご応募は翌平日にメッセージをお送りいたします。
3.後日、お電話もしくはオンラインにて面談
　事前準備は不要です◎気軽に何でもご相談ください！
━━━━━━━━━━━━━━━━━━━━━━
▼以下のような相談でも大歓迎
・転職活動をするかしないかで悩んでいる
・何から始めたらいいのか
・他のエージェントを使ったけど相性が悪かった
・自己応募で進めているが他の求人も見てみたい
━━━━━━━━━━━━━━━━━━━━━━
▼当社のサポート内容
・一般求人サイトにない非公開求人からもご紹介
・履歴書や職務経歴書の添削で選考の通過率UP
・志望動機や自己PRのアドバイス
・企業ごとに面接対策
・面接の日程調整や内定後の年収交渉
━━━━━━━━━━━━━━━━━━━━━━

目先の転職だけでなく、
これから先のキャリアや働き方も見据えながら、
一人ひとりに合わせたご提案を行っています。 

ぜひお気軽にご連絡ください。"
【未送信用】最短でベストマッチな紹介,UNSENT,UPDATE,body,【[社名]のご経歴を拝見しました】最短で内定獲得、ベストマッチな転職先をご紹介!,"[最終学歴]をご卒業後、
[経験職種]のお仕事で活躍されている貴方様へ

ご開封ありがとうございます。
株式会社ビズスタジオの[担当者]と申します。

これまでのご経歴を拝見し、
「次の環境に早めに進みたい」とお考えの場合にも、
お力になれるのではないかと感じ、ご連絡いたしました。

弊社は、
20～30代の転職支援に特化したエージェント会社です。

「できるだけ早く転職したい」
「今の状況を踏まえて、次の職場を具体的に検討したい」

そのようなお考えをお持ちの方に向けて、
これまでのお仕事で培われたご経験や強みを整理したうえで、
スピード感を持った企業提案・選考サポートを行っております。

転職活動を進める中で、
このようなお悩みはございませんか?

/
・早めに転職したいが、求人選びで迷ってしまう
・仕事を続けながらの転職活動に負担を感じている
・書類作成や面接対策を一人で進めるのが不安
・エージェントを使いたいが、合うかどうか不安
＼

ひとつでも当てはまる場合は、
転職エージェントのサポートを活用することで、
負担を軽減しながら効率的に進めることが可能です。

まずは【10分のカジュアル面談】で、
・今のご状況
・転職時期の目安
・重視したい条件
などを、気軽にお聞かせください。

━━━━━━━━━━━━━━━━━━━━━━
　▼ 簡単3ステップ▼
━━━━━━━━━━━━━━━━━━━━━━
1.【面談を希望する】 or 【まずは話を聞いてみる】ボタンから応募
2.弊社より面談日の調整メッセージをお送りいたします。
3.後日、お電話もしくはオンラインにて面談
　事前準備は不要です。気軽にご相談ください。

━━━━━━━━━━━━━━━━━━━━━━
　▼ 以下のようなご相談も大歓迎 ▼

・次の転職は、慎重に進めたいと考えている
・今の経験が、どのような選択肢につながるのか知りたい
・他のエージェントを使ったが、しっくりこなかった
・自己応募と並行して、別の可能性も見てみたい
━━━━━━━━━━━━━━━━━━━━━━

目先の転職だけでなく、
その先も見据えたうえで、
「納得して決められる転職」になるようサポートいたします。

「まずは話だけ聞きたい」というご相談も大歓迎ですので、
ぜひお気軽にご連絡ください。"
【未送信用】あなただけの転職,UNSENT,INSERT,,≪Google口コミ評価4.9★≫まずは相談から、あなただけの転職を叶えます,[社名]で培ったご経験、次のキャリアで活かしませんか?｜Google口コミ4.9★
【未送信用】次のキャリアで活かしませんか?,UNSENT,INSERT,,[社名]で培ったご経験、次のキャリアで活かしませんか?｜Google口コミ4.9★,"Google口コミ評価4.9★／経験を、次のキャリアで活かすお手伝いをします。


[最終学歴]をご卒業後、
[経験職種]で活躍されている貴方様へ

ご開封ありがとうございます。
株式会社ビズスタジオの[担当者]と申します。

弊社は、
20代～30代のキャリア形成・転職支援に特化したエージェント会社です。
人材経験10年以上の経験豊富なアドバイザーが専任で担当し、
あなたが納得できる転職まで伴走いたします。

内定をゴールとするのではなく、
その先も前向きに働き続けられるキャリアを、
一緒に考えていくことを大切にしており、
職種や業界を限定せず、これまでの経験が
どんな環境で活かせるのかを一緒に整理します。

━━━━━━━━━━━━━━━━━━━━━━
▼ 簡単3ステップ
1.【この転職エージェントに相談する】から応募
＼応募後の電話営業は一切ありません／
2.面談調整のメールが届いたら
  ご希望日程を登録（1分で完了）
3.お電話またはオンラインで面談（準備不要/最大30分）
━━━━━━━━━━━━━━━━━━━━━━

こんなお気持ちはありませんか?
・今の経験が別の環境でどう評価されるか知りたい
・年収や役割を経験に見合った形に見直したい
・転職は考えているが進め方に迷っている

転職を前提としない＜キャリア相談＞からでも大歓迎です。
10分の面談で、今のお考えを整理してみませんか。

▼当社のサポート
・非公開求人のご紹介
・書類添削／企業ごとの面接対策
・内定後の年収交渉

ぜひお気軽にご連絡ください。"
≪送信済用≫マイナビaward受賞_実績あるサポート,SENT,UPDATE,body,≪マイナビ転職Award受賞≫実績あるサポートで理想のキャリアを実現！,"ご開封ありがとうございます。
株式会社ビズスタジオの[担当者]と申します。

＼2年連続受賞・内定実績多数！／
【マイナビAgent Award2024・2025】

弊社は、
20～30代の転職支援に特化したエージェント会社です。

あなたのこれまでの経験やスキルを活かしながら、
＜より成長できる環境＞をご紹介いたします。

たとえば、こんな想いはありませんか？
／
・なんとなく将来に不安を感じている
・ワークライフバランスも大事、でも収入UPもしたい
・転職は視野にあるが、方向性を整理しきれていない
・頑張りがきちんと評価される環境で働きたい

そんな想いやお悩みを、ぜひお聞かせください。

まずは転職活動を始めるきっかけとして、
【10分の面談】でお気軽にご相談ください。

━━━━━━━━━━━━━━━━━━━━━━
▼ 簡単3ステップ
1.【この転職エージェントに相談する】から応募
2.弊社より面談日の調整メッセージをお送りいたします。
　夜間・土日祝のご応募は翌平日にメッセージをお送りいたします。
3.後日、お電話もしくはオンラインにて面談
　事前準備は不要です◎気軽に何でもご相談ください！
━━━━━━━━━━━━━━━━━━━━━━
▼以下のような相談でも大歓迎
・転職活動をするかしないかで悩んでいる
・何から始めたらいいのか
・他のエージェントを使ったけど相性が悪かった
・自己応募で進めているが他の求人も見てみたい
━━━━━━━━━━━━━━━━━━━━━━
▼当社のサポート内容
・一般求人サイトにない非公開求人からもご紹介
・履歴書や職務経歴書の添削で選考の通過率UP
・志望動機や自己PRのアドバイス
・企業ごとに面接対策
・面接の日程調整や内定後の年収交渉
━━━━━━━━━━━━━━━━━━━━━━
あなたのキャリアを一緒に考えながら、
一人ひとりに合ったサポートをさせていただきます。

まずはお気軽にご相談ください！"
≪送信済用≫希望を叶える転職,SENT,SKIP,,【[社名]のご経歴を拝見しました】希望を叶える転職サポート,"[経験職種]のお仕事で活躍されている貴方様へ

ご開封ありがとうございます！
株式会社ビズスタジオの[担当者]と申します。

＼2年連続受賞★内定実績が多数／
【マイナビAgent Award2024・2025】

弊社は20代～30代の転職支援に強みがある
エージェント会社です。

これまでの経験やスキルを活かせる、
あなたに最適な企業のご紹介が可能です!

転職はお一人で進めるより
エージェントを利用することで効率的になります。
/
「仕事しながらの転職活動は大変そう」
「今の仕事でキャリアアップできるかな?」
「ワークライフバランスも大事、収入も譲れない」
「求人を見ているけど自分に合っているか不安」
「転職したら、新しい環境に馴染めるかな」
＼
など、転職のお悩みお聞かせください!

転職活動を始めるきっかけとして、
まずは【10分の面談】で、
「今どう考えているか」「何に悩んでいるか」など、
お気軽にお話しいただければと思います。
━━━━━━━━━━━━━━━━━━━━━━
▼ 簡単3ステップ
1.【この転職エージェントに相談する】から応募
2.弊社より面談日の調整メッセージをお送りいたします。
　夜間・土日祝のご応募は翌平日にメッセージをお送りいたします。
3.後日、お電話もしくはオンラインにて面談
　事前準備は不要です◎気軽に何でもご相談ください！
━━━━━━━━━━━━━━━━━━━━━━
▼以下のような相談でも大歓迎
・転職活動をするかしないかで悩んでいる
・何から始めたらいいのか
・他のエージェントを使ったけど相性が悪かった
・自己応募で進めているが他の求人も見てみたい
━━━━━━━━━━━━━━━━━━━━━━
▼当社のサポート内容
・一般求人サイトにない非公開求人からもご紹介
・履歴書や職務経歴書の添削で選考の通過率UP
・志望動機や自己PRのアドバイス
・企業ごとに面接対策
・面接の日程調整や内定後の年収交渉
━━━━━━━━━━━━━━━━━━━━━━

これからのキャリアを一緒に考え、
どんな小さなことでもお手伝いします!

ぜひ、お気軽にご連絡ください。"
≪送信済用≫口コミ4.9オーダーメイド,SENT,SKIP,,【口コミ評価4.9★】オーダーメイドの転職サポートお任せください!,"ご開封ありがとうございます!
株式会社ビズスタジオの[担当者]と申します。

弊社は、
20代～30代の転職支援に特化したエージェント会社として、
これまで多くの方の転職をご支援してまいりました。

ありがたいことに、
「初めての転職でも不安なく進められた」
「時間をかけて親身に話を聞いてもらえた」
「面接対策や書類添削がとても丁寧だった」
「無理に急かされず、納得できる転職ができた」
といったお声を多くいただき、
口コミ評価4.9★をいただいております!

弊社では、特定の企業を一方的にご紹介するのではなく、
これまでのご経験やスキル、価値観をもとに、
ご希望に合わせた≪オーダーメイドの転職サポート≫を行っております。

現在の転職活動のご状況はいかがでしょうか?
／
・仕事を続けながらの転職活動に不安がある
・今の環境でキャリアアップできるのか悩んでいる
・ワークライフバランスも、年収もどちらも大切にしたい
・求人を見ても、自分に合っているか判断がつかない
・転職後、新しい環境に馴染めるか不安
＼
ひとつでも当てはまる場合は、
「まずは相談だけ」でも問題ございません!

転職は、お一人で進めるよりも
エージェントを活用することで、
情報整理や選択肢の幅が広がり、効率的に進めることができます。

ご自身のペースで進めていただけますので、
安心してご相談ください!

━━━━━━━━━━━━━━━━━━━━━━
▼ 簡単3ステップ
1.【この転職エージェントに相談する】から応募
2.弊社より面談日の調整メッセージをお送りいたします。
　夜間・土日祝のご応募は翌平日にメッセージをお送りいたします。
3.後日、お電話もしくはオンラインにて面談
　事前準備は不要です◎気軽に何でもご相談ください！
━━━━━━━━━━━━━━━━━━━━━━
▼以下のような相談でも大歓迎
・転職活動をするかしないかで悩んでいる
・何から始めたらいいのか
・他のエージェントを使ったけど相性が悪かった
・自己応募で進めているが他の求人も見てみたい
━━━━━━━━━━━━━━━━━━━━━━
▼当社のサポート内容
・一般求人サイトにない非公開求人からもご紹介
・履歴書や職務経歴書の添削で選考の通過率UP
・志望動機や自己PRのアドバイス
・企業ごとに面接対策
・面接の日程調整や内定後の年収交渉
━━━━━━━━━━━━━━━━━━━━━━

内定をゴールとするのではなく、
その先も前向きに働き続けられるキャリアを、
一緒に考えていくことを大切にしています。

ぜひ、お気軽にご連絡ください。"
≪送信済用≫年収＆働きやすさを叶える,SENT,SKIP,,【[社名]のご経歴を拝見しました】年収&働きやすさを叶える転職,"[経験職種]のお仕事で活躍されている貴方様へ

ご開封ありがとうございます！
株式会社ビズスタジオの[担当者]と申します。

これまでのご経歴を拝見し、
今後のキャリアを考えるうえで、
お役に立てるのではないかと感じ、ご連絡いたしました。

弊社は、20代～30代のキャリア層を中心に、
職種を限定せず幅広い転職支援を行っている
エージェント会社です。

これまでのお仕事で培われたご経験やスキルをもとに、
ご希望の働き方・条件・今後の方向性に合わせて、
最適な選択肢をご提案しております。

例えば、
このようなお考えはございませんか?
／
・今の経験が、別の環境でどのように評価されるのか知りたい
・年収や評価制度、働き方を見直したい
・やりがいも、無理のない働き方も両立したい
・転職を考え始めたが、職種や方向性がまだ定まっていない
＼
そのような段階からのご相談も、
まったく問題ございません!

まずは転職活動を始めるきっかけとして、
【10分の面談】で
今のお考えやご希望を整理するお時間として
ご活用いただければと思います。

━━━━━━━━━━━━━━━━━━━━━━
▼ 簡単3ステップ
1.【この転職エージェントに相談する】から応募
2.弊社より面談日の調整メッセージをお送りいたします。
　夜間・土日祝のご応募は翌平日にメッセージをお送りいたします。
3.後日、お電話もしくはオンラインにて面談
　事前準備は不要です◎気軽に何でもご相談ください！
━━━━━━━━━━━━━━━━━━━━━━
▼以下のような相談でも大歓迎
・転職活動をするかしないかで悩んでいる
・何から始めたらいいのか
・他のエージェントを使ったけど相性が悪かった
・自己応募で進めているが他の求人も見てみたい
━━━━━━━━━━━━━━━━━━━━━━
▼当社のサポート内容
・一般求人サイトにない非公開求人からもご紹介
・履歴書や職務経歴書の添削で選考の通過率UP
・志望動機や自己PRのアドバイス
・企業ごとに面接対策
・面接の日程調整や内定後の年収交渉
━━━━━━━━━━━━━━━━━━━━━━

目先の転職だけでなく、
これから先のキャリアや働き方も含めて、
納得できる選択ができるようサポートいたします。

「まずは話だけ聞いてみたい」
というご相談も大歓迎ですので、
ぜひお気軽にご連絡ください。"
≪送信済用≫口コミ4.9あなたに合った仕事,SENT,SKIP,,口コミ評価4.9★／職種・経験問わず、あなたに合った仕事を一緒に探しませんか？,"ご開封ありがとうございます。
株式会社ビズスタジオの[担当者]と申します。

　＼2年連続受賞★内定実績が多数／
【マイナビAgent Award2024・2025】

弊社は20～30代の転職支援に強みがある
転職エージェント会社です！

貴方様のご経験や長所を活かしていただきたく、
幅広い求人のご紹介が可能です！

／
「忙しくて転職活動が進まない」
「転職するかどうかまだ決めてない…」
「まずはキャリアの相談をしたい」
「もっと良い条件があれば考えたい」
「行き当たりばったりの転職はしたくない」
＼
など、転職のお悩み、ぜひお聞かせください！

転職活動をスタートする良いきかっけとして、まずは
【10分の面談】にてご支援させてください。
━━━━━━━━━━━━━━━━━━━━━━
▼ 簡単3ステップ
1.【この転職エージェントに相談する】から応募
2.弊社より面談日の調整メッセージをお送りいたします。
　夜間・土日祝のご応募は翌平日にメッセージをお送りいたします。
3.後日、お電話もしくはオンラインにて面談
　事前準備は不要です◎気軽に何でもご相談ください！
━━━━━━━━━━━━━━━━━━━━━━
▼以下のような相談でも大歓迎
・転職活動をするかしないかで悩んでいる
・何から始めたらいいのか
・他のエージェントを使ったけど相性が悪かった
・自己応募で進めているが他の求人も見てみたい
━━━━━━━━━━━━━━━━━━━━━━
▼当社のサポート内容
・一般求人サイトにない非公開求人からもご紹介
・履歴書や職務経歴書の添削で選考の通過率UP
・志望動機や自己PRのアドバイス
・企業ごとに面接対策
・面接の日程調整や内定後の年収交渉
━━━━━━━━━━━━━━━━━━━━━━
これからのキャリアを一緒に考え、
どんな小さなことでもお手伝いします！

ぜひ、お気軽にご連絡ください。"
≪送信済用≫やりなおし就活,SENT,SKIP,,[社名]のご経歴を拝見しました！≪やりなおし就活≫で理想の転職を実現しませんか?,"[最終学歴]をご卒業後、[経験職種]のお仕事でご活躍され、
現在≪就活のやりなおし≫をお考えのあなた様へ

ご開封ありがとうございます。
株式会社ビズスタジオの[担当者]と申します。

＼2年連続受賞★内定実績が多数／
【マイナビAgent Award2024・2025】

20代の第二新卒世代に特化した
≪やりなおし就活≫で多くの第二新卒転職を実現し
はじめての転職に強いサポート会社です。

これまでのご経験やスキルを活かし、
あなたに合った働きやすい環境を
ご提案させていただきます!

転職活動をする中でこんなお悩みありませんか?
/
「社会人1年目で転職は不安だけど…」
「経歴に傷がついてしまうのではないか」
「転職するかまだ迷っている…」
「もっと良い条件があれば考えたい」
「やりたいことが漠然としている」
「自分に合った仕事が分からない」
＼
など、転職のお悩み、ぜひお聞かせください!

弊社では、社会人3年未満の20代の方も
「自分らしく働ける職場を見つけた」
「未経験から新しい職種に挑戦できた」
といった成功事例が多数ございます!

転職活動を始めるきっかけとして、
まずは【10分の面談】で、
今のお気持ちやご状況をお聞かせください!

━━━━━━━━━━━━━━━━━━━━━━
▼ 簡単3ステップ
1.【この転職エージェントに相談する】から応募
2.弊社より面談日の調整メッセージをお送りいたします。
　夜間・土日祝のご応募は翌平日にメッセージをお送りいたします。
3.後日、お電話もしくはオンラインにて面談
　事前準備は不要です◎気軽に何でもご相談ください！
━━━━━━━━━━━━━━━━━━━━━━
▼以下のような相談でも大歓迎
・転職活動をするかしないかで悩んでいる
・何から始めたらいいのか
・他のエージェントを使ったけど相性が悪かった
・自己応募で進めているが他の求人も見てみたい
━━━━━━━━━━━━━━━━━━━━━━
▼当社のサポート内容
・一般求人サイトにない非公開求人からもご紹介
・履歴書や職務経歴書の添削で選考の通過率UP
・志望動機や自己PRのアドバイス
・企業ごとに面接対策
・面接の日程調整や内定後の年収交渉
━━━━━━━━━━━━━━━━━━━━━━
これからのキャリアを一緒に考え、
どんな小さなことでもお手伝いします!

ぜひ、お気軽にご連絡ください。"
≪送信済用≫再オファー,SENT,SKIP,,【再オファー】ご経験を拝見し、改めてご連絡いたしました。,"[最終学歴]をご卒業後、
[経験職種]のお仕事で活躍されている貴方様へ

ご開封ありがとうございます。
株式会社ビズスタジオの[担当者]と申します。

これまでのご経歴を拝見し、
今後のキャリアを考えるうえで、
一度お話を伺ってみたいと感じ、ご連絡しております。

これまで多くの方をご支援する中で、
よくお聞きするのが、

・今の仕事に大きな不満はないが、この先の伸びしろが見えにくい
・経験は積んできたが、次に何を軸にすべきか迷っている
・転職するほどではないが、将来を考えると一度整理したい

といったお悩みです。

実際に、
「今の会社で積んだ経験が、別の環境ではどう評価されるのか」
「今後、どんな選択肢が現実的なのか」
を整理するだけで、
キャリアの見え方が大きく変わる方も少なくありません。

弊社では、求人ありきではなく、
これまでのご経験を客観的に整理し、
今後どんなキャリアの広げ方が考えられるかを
一緒に考えることを大切にしています。

転職を前提としたご相談でなくても問題ございません。

まずは【10分の面談】で、
・今の仕事で感じていること
・これから先、少し気になっていること
などをお聞かせいただければと思います！

━━━━━━━━━━━━━━━━━━━━━━
▼ 簡単3ステップ
1.【この転職エージェントに相談する】から応募
2.弊社より面談日の調整メッセージをお送りいたします。
　夜間・土日祝のご応募は翌平日にメッセージをお送りいたします。
3.後日、お電話もしくはオンラインにて面談
　事前準備は不要です◎気軽に何でもご相談ください！
━━━━━━━━━━━━━━━━━━━━━━
▼以下のような相談でも大歓迎
・転職活動をするかしないかで悩んでいる
・何から始めたらいいのか
・他のエージェントを使ったけど相性が悪かった
・自己応募で進めているが他の求人も見てみたい
━━━━━━━━━━━━━━━━━━━━━━
▼当社のサポート内容
・一般求人サイトにない非公開求人からもご紹介
・履歴書や職務経歴書の添削で選考の通過率UP
・志望動機や自己PRのアドバイス
・企業ごとに面接対策
・面接の日程調整や内定後の年収交渉
━━━━━━━━━━━━━━━━━━━━━━

目先の転職だけでなく、
これから先のキャリアや働き方まで見据えながら、
納得感のある選択ができるようサポートすることを大切にしています。

ぜひお気軽にご連絡ください。"
≪送信済用≫状況その後いかがですか？,SENT,INSERT,,[社名]のご経歴をもつあなたへ「その後、ご状況はいかがですか？」,"■面談調整1分で完結
■まずは相談からでOK


[社名]でご活躍されている貴方様へ

ご開封ありがとうございます。
株式会社ビズスタジオの[担当者]と申します。

以前、[経験職種]でのご経験を拝見しご連絡した者です。
お忙しい中かとは思いますが、
その後お変わりないかと思い、改めてご連絡しました。

「特に状況は変わっていない」
「実は少し考え始めている」
——どちらのお気持ちでも大丈夫です。

弊社は20代～30代の転職支援に特化し、
あなたに合わせたオーダーメイドのサポートを行っています。
「無理に急かされず、納得して進められた」という声から、
Google口コミ評価4.9★をいただいています。

人材経験10年以上のキャリアアドバイザーが
専任で担当し、面接前には対策資料をお渡しし、
企業ごとの選考傾向に合わせたアドバイスもいたします。

※弊社は応募後、しつこい営業電話はいたしません。
ご自身のペースで進めていただけます

━━━━━━━━━━━━━━━━━━━━━━
▼ 簡単3ステップ
1.【この転職エージェントに相談する】から応募
2.面談調整のメールが届いたら
  ご希望日程を登録（1分で完了）
3.お電話またはオンラインで面談（準備不要）
━━━━━━━━━━━━━━━━━━━━━━

こんなお気持ちはありませんか?
・今の経験が別の環境でどう評価されるか知りたい
・年収や役割を経験に見合った形に見直したい
・転職は考えているが進め方に迷っている

転職を前提としない＜キャリア相談＞からでも大歓迎です。
10分の面談で、今のお考えを整理してみませんか。

▼当社のサポート
・非公開求人のご紹介
・書類添削／企業ごとの面接対策
・内定後の年収交渉

ぜひお気軽にご連絡ください。"
≪送信済用≫一度お話したいです,SENT,INSERT,,【本気です】一度お話ししたいです/Google口コミ評価4.9★まずは相談から,"ご開封ありがとうございます。

見覚えがあるかもしれません。
株式会社ビズスタジオの[担当者]と申します。

[経験職種]で活躍されている貴方が忘れられず
どうしてもお会いしたくご連絡をさせていただきました。

多くのスカウトが届く中で、
「これ、前にも見たな」と思っていただけたなら嬉しいです。

弊社は20代～30代の転職支援に特化し、
特定の企業を一方的にご紹介するのではなく、
あなたに合わせたオーダーメイドのサポートを行っています。
「無理に急かされず、納得して進められた」という声から、
Google口コミ評価4.9★をいただいています。

人材経験10年以上のキャリアアドバイザーが
専任で担当し、面接前には対策資料をお渡しし、
企業ごとの選考傾向に合わせたアドバイスもいたします。

※弊社は応募後、しつこい営業電話はいたしません。
ご希望のペースで進めていただけますので、ご安心ください。

━━━━━━━━━━━━━━━━━━━━━━
▼ 簡単3ステップ
1.【この転職エージェントに相談する】から応募
2.面談調整のメールが届いたら
  ご希望日程を登録（1分で完了）
3.お電話またはオンラインで面談（準備不要）
━━━━━━━━━━━━━━━━━━━━━━

何度か求人やスカウトを見ている中で、
「結局どこがいいのか分からない」
と感じていませんか。

一度、第三者の視点を入れてみるだけでも、
選択肢の整理がしやすくなります。

まずは相談から、気軽にお聞かせください。
相談だけでも構いません。


▼当社のサポート
・非公開求人のご紹介
・書類添削／企業ごとの面接対策
・内定後の年収交渉

ぜひお気軽にご連絡ください。"
≪個別配信用≫タツミ石狩_ルート営業,INDIVIDUAL,SKIP,,【非公開求人のご案内】創業102年の食品業界｜ルート営業｜年間休日122日｜未経験歓迎！,"ご開封ありがとうございます！
株式会社ビズスタジオの[担当者]と申します。

＼2年連続受賞★内定実績が多数／
【マイナビAgent Award2024・2025】

現在までのお仕事で培ったご経験や長所を活かしていただきたく、
非公開のレア求人をお送りいたします！

▼▼▼▼▼▼オススメ求人▼▼▼▼▼▼▼

職種　　：ルート営業
勤務地　：北海道石狩市※車通勤OK
年収　　：320万円～471万円
賞与回数：2回　(昨年度賞与実績：３ヶ月分)
勤務時間：9:00～18:00 ／ 月残業10時間以下
休日　　：年間休日122日、土日祝休み

≪業務内容≫
食品包装資材や生活雑貨の企画提案～手配を担当！
既存のお客様へのご提案が中心のため、
関係構築しながら進めやすい営業スタイルです。

≪POINT≫
・新規営業なし／既存顧客中心
・当社からの紹介実績多数
・未経験大歓迎！
・創業100年以上の安定基盤
・離職率5％以下
・残業少なめ×年休122日でワークライフバランス◎

※普通自動車免許必須／車通勤できる方
▲▲▲▲▲▲▲▲▲▲▲▲▲▲▲▲▲▲▲

いかがでしょうか？

面談ではさらに詳しく、
職場の雰囲気・選考ポイントまでご説明いたします！

求人への応募にあたり、応募書類の添削／面接調整／面接対策など
転職活動におけるサポートも弊社で対応いたします！

まずは情報収集だけでも大丈夫ですので、
ぜひ、お気軽にご連絡ください。

━━━━━━━━━━━━━━━━━━━━━━
▼ 簡単3ステップ
1.【この転職エージェントに相談する】から応募
2.弊社より面談日の調整メッセージをお送りいたします。
　夜間・土日祝のご応募は翌平日にメッセージをお送りいたします。
3.後日、お電話もしくはオンラインにて面談
　事前準備は不要です◎気軽に何でもご相談ください！
━━━━━━━━━━━━━━━━━━━━━━

ご連絡お待ちしております！"
≪個別配信用≫タツミ石狩_事務職,INDIVIDUAL,SKIP,,【非公開求人のご案内】食品業界の事務職｜年間休日122日｜未経験歓迎！｜創業100年以上の安定基盤！,"ご開封ありがとうございます！
株式会社ビズスタジオの[担当者]と申します。

＼2年連続受賞★内定実績が多数／
【マイナビAgent Award2024・2025】

現在までのお仕事で培ったご経験や長所を活かしていただきたく、
非公開のレア求人をお送りいたします！

▼▼▼▼▼▼オススメ求人▼▼▼▼▼▼▼

職種　　：事務職
勤務地　：北海道石狩市※車通勤OK
年収　　：300万円～327万円
賞与回数：2回　(昨年度賞与実績：３ヶ月分)
勤務時間：9:00～18:00 ／ 月残業10時間以下
休日　　：年間休日122日、土日祝休み

≪業務内容≫
スーパー等で見かける食品パッケージや生活雑貨を支える「受注サポート事務」。
既存顧客対応が中心で、OJTで無理なくスタートできます。
※具体的な業務の進め方や1日の流れは、面談で詳しくご説明します！

≪POINT≫
・事務未経験OK／OJTで基礎からスタート
・当社からの紹介実績多数
・創業100年以上の安定基盤
・資格取得支援あり（費用会社負担）でスキルアップ可能
・離職率5％以下
・残業少なめ×年休122日でワークライフバランス◎

※普通自動車免許必須／車通勤できる方
▲▲▲▲▲▲▲▲▲▲▲▲▲▲▲▲▲▲▲

いかがでしょうか？？

面談ではさらに詳しく、
職場の雰囲気・選考ポイントまでご説明いたします！

求人への応募にあたり、応募書類の添削／面接調整／面接対策など
転職活動におけるサポートも弊社で対応いたします！

まずは情報収集だけでも大丈夫ですので、
ぜひ、お気軽にご連絡ください★

━━━━━━━━━━━━━━━━━━━━━━
▼ 簡単3ステップ
1.【この転職エージェントに相談する】から応募
2.弊社より面談日の調整メッセージをお送りいたします。
　夜間・土日祝のご応募は翌平日にメッセージをお送りいたします。
3.後日、お電話もしくはオンラインにて面談
　事前準備は不要です◎気軽に何でもご相談ください！
━━━━━━━━━━━━━━━━━━━━━━

ご連絡お待ちしております！"
≪個別配信用≫タツミ石狩_事務/営業,INDIVIDUAL,SKIP,,【紹介実績多数】未経験歓迎×食品業界｜営業・事務の非公開求人,"ご開封ありがとうございます。
株式会社ビズスタジオの[担当者]と申します。

これまでのご経験を拝見し、ぜひご紹介したい求人がありご連絡しました。
今回は、創業102年・食品業界の安定企業で、未経験から挑戦しやすい非公開求人のご案内です。

「土日祝休みで働きたい」
「安定企業で長く働きたい」
「未経験から営業・事務にチャレンジしたい」
そんな方に特におすすめです！

━━━━━━━━━━━━━━━━━━━━━━
■ おすすめ求人
━━━━━━━━━━━━━━━━━━━━━━

【ルート営業】
勤務地　：北海道石狩市※車通勤OK
年収　　：320万円～471万円
賞与回数：2回　(昨年度賞与実績：３ヶ月分)
勤務時間：9:00～18:00 ／ 月残業10時間以下
休日　　：年間休日122日、土日祝休み

＜仕事内容＞
食品包装資材や生活雑貨の企画提案～手配を担当します。
既存のお客様へのご提案が中心のため、
関係構築をしながら進めやすい営業スタイルです。

--------------------------

【事務職】
勤務地　：北海道石狩市※車通勤OK
年収　　：300万円～327万円
賞与回数：2回　(昨年度賞与実績：３ヶ月分)
勤務時間：9:00～18:00 ／ 月残業10時間以下
休日　　：年間休日122日、土日祝休み

＜仕事内容＞
スーパー等で見かける食品パッケージや生活雑貨を支える「受注サポート事務」
既存顧客対応が中心で、OJTで無理なくスタートできます。
※具体的な業務の進め方や1日の流れは、面談で詳しくご説明します！

━━━━━━━━━━━━━━━━━━━━━━
■ この求人のポイント
━━━━━━━━━━━━━━━━━━━━━━
・未経験OK／OJTで基礎からスタート
・新規営業なし／既存顧客中心
・創業100年以上の安定基盤
・当社からの紹介実績多数！
・資格取得支援あり（費用会社負担）
・離職率5％以下
・残業少なめ×年休122日でワークライフバランス◎

※普通自動車免許必須／車通勤できる方
--------------------------

まずは情報収集のみでも問題ありません。
面談では、仕事内容だけでなく、職場の雰囲気や選考ポイントもあわせてご説明します。

また、応募書類の添削／面接日程の調整／面接対策など、
転職活動は弊社でしっかりサポートいたします。

はじめての転職活動の方も、ぜひ安心してご相談ください！

━━━━━━━━━━━━━━━━━━━━━━
▼ 簡単3ステップ
1.【この転職エージェントに相談する】から応募
2.弊社より面談日の調整メッセージをお送りいたします。
　夜間・土日祝のご応募は翌平日にメッセージをお送りいたします。
3.後日、お電話もしくはオンラインにて面談
━━━━━━━━━━━━━━━━━━━━━━
＼2年連続受賞★内定実績が多数／
【マイナビAgent Award2024・2025】

株式会社ビズスタジオ
━━━━━━━━━━━━━━━━━━━━━━

事前準備は不要です。
ぜひお気軽にご連絡ください。

ご返信をお待ちしております。"
≪個別配信用≫ディップ北関東_営業,INDIVIDUAL,SKIP,,【求人のご紹介】上場大手の法人営業｜残業少なめ・休日120日以上,"ご開封ありがとうございます。
株式会社ビズスタジオの[担当者]と申します。

これまでのご経験を拝見し、ぜひご紹介したい求人がありご連絡しました。

今回は、大谷翔平選手をブランドアンバサダーに起用する
東証プライム上場の大手人材企業で、
採用コンサルタント×法人営業としてご活躍いただける求人のご案内です。

「営業経験を活かして、より提案力の求められる仕事に挑戦したい」
「大手企業で働きながら、採用支援や人材領域に関わりたい」
「関東エリアで、条件面も整った環境を探している」
そんな方におすすめの求人です！

━━━━━━━━━━━━━━━━━━━━━━
■ おすすめ求人
━━━━━━━━━━━━━━━━━━━━━━

【採用コンサルタント×法人営業】
勤務地　：東京／神奈川／埼玉／千葉／茨城／栃木／群馬
年収　　：400万円～600万円
賞与回数：2回
勤務時間：9:30～18:30 ／ 月残業20時間以下
休日　　：年間休日120日、土日祝休み

＜仕事内容＞
有名求人メディアを中心に、企業の採用課題に対して提案を行う法人営業です。
新規顧客へのアプローチだけでなく、
既存顧客の課題ヒアリングや採用成功に向けた提案まで一貫して担当します。

商談相手は、経営層・店舗オーナー・採用責任者など、
企業の意思決定層が中心です。

単なる広告枠の提案ではなく、企業ごとの採用課題を整理し、
「どのように採用成功へつなげるか」まで踏み込んで提案できるのが特徴です。

━━━━━━━━━━━━━━━━━━━━━━
■ この求人のポイント
━━━━━━━━━━━━━━━━━━━━━━
・大谷翔平選手をブランドアンバサダーに起用する東証プライム上場企業
・有名求人メディアを展開する知名度の高い大手人材企業
・月残業20時間以下
・年間休日120日／土日祝休み
・拠点希望を考慮して配属予定
・若手でも実績次第で早期昇格可能
・将来的なキャリアチェンジの幅も広い
━━━━━━━━━━━━━━━━━━━━━━

まずは情報収集のみでも問題ありません。
面談では、仕事内容だけでなく、
職場の雰囲気や選考ポイントもあわせてご説明します。

また、応募書類の添削／面接日程の調整／面接対策など、
転職活動は弊社でしっかりサポートいたします。

はじめての転職活動の方も、ぜひ安心してご相談ください！

━━━━━━━━━━━━━━━━━━━━━━
▼ 簡単3ステップ
1.【この転職エージェントに相談する】から応募
2.弊社より面談日の調整メッセージをお送りいたします。
　夜間・土日祝のご応募は翌平日にメッセージをお送りいたします。
3.後日、お電話もしくはオンラインにて面談
━━━━━━━━━━━━━━━━━━━━━━
＼2年連続受賞★内定実績が多数／
【マイナビAgent Award2024・2025】

株式会社ビズスタジオ
━━━━━━━━━━━━━━━━━━━━━━

事前準備は不要です。
ぜひお気軽にご連絡ください。

ご返信をお待ちしております。"
≪個別配信用≫ディップ関西/東海_営業,INDIVIDUAL,SKIP,,【求人のご紹介】上場大手の法人営業｜残業少なめ・休日120日以上,"ご開封ありがとうございます。
株式会社ビズスタジオの[担当者]と申します。

これまでのご経験を拝見し、
ぜひご紹介したい求人がありご連絡しました。

今回は、大谷翔平選手をブランドアンバサダーに起用する
東証プライム上場の大手人材企業で、
採用コンサルタント×法人営業としてご活躍いただける求人のご案内です。

「営業経験を活かして、より提案力の求められる仕事に挑戦したい」
「大手企業で働きながら、採用支援や人材領域に関わりたい」
「関西・東海エリアで、条件面も整った環境を探している」
そんな方におすすめの求人です！

━━━━━━━━━━━━━━━━━━━━━━
■ おすすめ求人
━━━━━━━━━━━━━━━━━━━━━━

【採用コンサルタント×法人営業】
勤務地　：大阪／京都／兵庫／愛知／静岡
年収　　：412万円～550万円
賞与回数：2回
勤務時間：9:30～18:30 ／ 月残業20時間以下
休日　　：年間休日120日、土日祝休み

＜仕事内容＞
有名求人メディアを中心に、企業の採用課題に対して提案を行う法人営業です。
新規顧客へのアプローチだけでなく、
既存顧客の課題ヒアリングや採用成功に向けた提案まで一貫して担当します。

商談相手は、経営層・店舗オーナー・採用責任者など、
企業の意思決定層が中心です。

単なる広告枠の提案ではなく、企業ごとの採用課題を整理し、
「どのように採用成功へつなげるか」まで踏み込んで提案できるのが特徴です。

━━━━━━━━━━━━━━━━━━━━━━
■ この求人のポイント
━━━━━━━━━━━━━━━━━━━━━━
・大谷翔平選手をブランドアンバサダーに起用する東証プライム上場企業
・有名求人メディアを展開する知名度の高い大手人材企業
・月残業20時間以下
・年間休日120日／土日祝休み
・拠点希望を考慮して配属予定
・若手でも実績次第で早期昇格可能
・将来的なキャリアチェンジの幅も広い
━━━━━━━━━━━━━━━━━━━━━━

まずは情報収集のみでも問題ありません。
面談では、仕事内容だけでなく、
職場の雰囲気や選考ポイントもあわせてご説明します。

また、応募書類の添削／面接日程の調整／面接対策など、
転職活動は弊社でしっかりサポートいたします。

はじめての転職活動の方も、ぜひ安心してご相談ください！

━━━━━━━━━━━━━━━━━━━━━━
▼ 簡単3ステップ
1.【この転職エージェントに相談する】から応募
2.弊社より面談日の調整メッセージをお送りいたします。
　夜間・土日祝のご応募は翌平日にメッセージをお送りいたします。
3.後日、お電話もしくはオンラインにて面談
━━━━━━━━━━━━━━━━━━━━━━
＼2年連続受賞★内定実績が多数／
【マイナビAgent Award2024・2025】

株式会社ビズスタジオ
━━━━━━━━━━━━━━━━━━━━━━

事前準備は不要です。
ぜひお気軽にご連絡ください。

ご返信をお待ちしております。"
