id,candidate_id,candidate_number,external_job_id,response,responded_at,created_at,updated_at,stale_reason
cmobjckfb00451dpfif20gt3n,cmo2tcd8a001i1dqb2zit3e5k,5004328,3992,INTERESTED,2026-04-23T13:47:36.533Z,2026-04-23T13:46:53.159Z,2026-05-02T22:51:34.040Z,EXCLUDED
cmobjcn7s00461dpfadmlkp4g,cmo2tcd8a001i1dqb2zit3e5k,5004328,3994,INTERESTED,2026-04-23T13:47:36.533Z,2026-04-23T13:46:56.776Z,2026-05-02T22:51:34.104Z,EXCLUDED
cmobjcr1e00471dpfv3a9wzum,cmo2tcd8a001i1dqb2zit3e5k,5004328,3998,INTERESTED,2026-04-23T13:47:36.533Z,2026-04-23T13:47:01.730Z,2026-05-02T22:51:34.167Z,EXCLUDED
cmobjcyy700481dpf7t4i4l7e,cmo2tcd8a001i1dqb2zit3e5k,5004328,4011,INTERESTED,2026-04-23T13:47:36.533Z,2026-04-23T13:47:11.983Z,2026-05-02T22:51:34.227Z,EXCLUDED
cmobjd33l00491dpf62skghau,cmo2tcd8a001i1dqb2zit3e5k,5004328,4016,INTERESTED,2026-04-23T13:47:36.533Z,2026-04-23T13:47:17.361Z,2026-05-02T22:51:34.294Z,EXCLUDED
cmooxrq3z00531dmrzhgkytap,cmnyah8sc00911do9lsxpgo1t,5004338,3720,INTERESTED,2026-04-16T01:02:44.567Z,2026-05-02T22:51:35.279Z,2026-05-02T22:51:35.279Z,EXCLUDED
cmooxrqfr00561dmryrpxsqh7,cmnyah8sc00911do9lsxpgo1t,5004338,3708,INTERESTED,2026-04-16T01:02:44.567Z,2026-05-02T22:51:35.703Z,2026-05-02T22:51:35.703Z,EXCLUDED
cmooxrqhm00571dmrfgh8vqwg,cmnyah8sc00911do9lsxpgo1t,5004338,3712,INTERESTED,2026-04-16T01:02:44.567Z,2026-05-02T22:51:35.770Z,2026-05-02T22:51:35.770Z,EXCLUDED
cmooxrqjd00581dmrywcwylrg,cmnyah8sc00911do9lsxpgo1t,5004338,3718,INTERESTED,2026-04-16T01:02:44.567Z,2026-05-02T22:51:35.833Z,2026-05-02T22:51:35.833Z,EXCLUDED
cmp95q0tv001h1dphmvocxb1h,cmnyah8sc00911do9lsxpgo1t,5004338,5201,WANT_TO_APPLY,2026-05-17T11:59:34.973Z,2026-05-17T02:29:36.307Z,2026-05-17T11:59:35.040Z,CLEARED(IN_SELECTION)
cmo74u2n3003d1dpikt0t7l5n,cmmx0wbnj00061dmio6pk3211,5004187,3989,INTERESTED,2026-04-20T11:49:32.084Z,2026-04-20T11:49:30.975Z,2026-04-20T11:49:32.316Z,CLEARED(UNANSWERED)
cmob9ietk00041dpf8azp9jgy,cmo84m93s00261dl5ll261866,5004381,4167,INTERESTED,2026-04-23T09:11:29.075Z,2026-04-23T09:11:29.672Z,2026-04-23T09:11:29.672Z,CLEARED(UNANSWERED)
cmobgh7pf002u1dpfnac1b27i,cmobakzdu000l1dpfwvyf864v,5004495,4209,WANT_TO_APPLY,2026-04-23T12:26:30.824Z,2026-04-23T12:26:31.107Z,2026-04-23T12:26:31.107Z,CLEARED(UNANSWERED)
cmo7alah9003s1dpigv6ifmu9,cmmu0yw4200241dmqjnc6jmoq,5004136,3781,WANT_TO_APPLY,2026-04-20T14:30:44.502Z,2026-04-20T14:30:38.925Z,2026-05-02T22:51:14.415Z,EXCLUDED
cmo7albwf003t1dpi3gp9ho05,cmmu0yw4200241dmqjnc6jmoq,5004136,4015,WANT_TO_APPLY,2026-04-20T14:30:44.502Z,2026-04-20T14:30:40.767Z,2026-05-02T22:51:14.451Z,EXCLUDED
cmocr1j5100061dn0x12ezdir,cmn5f50lb000e1dqsk7ml9rr6,5004165,2918,INTERESTED,2026-04-24T10:10:17.090Z,2026-04-24T10:10:01.381Z,2026-05-02T22:51:15.828Z,EXCLUDED
cmocqy8ya00011dn0u54nhuom,cmn5f50lb000e1dqsk7ml9rr6,5004165,2905,INTERESTED,2026-04-24T10:10:17.090Z,2026-04-24T10:07:28.210Z,2026-05-02T22:51:15.738Z,CLEARED(PENDING)
cmqx8it5600281dno8ohdh4k2,cmn5f50lb000e1dqsk7ml9rr6,5004165,6906,INTERESTED,2026-06-28T03:34:10.053Z,2026-06-28T03:34:09.162Z,2026-06-28T03:34:10.124Z,CLEARED(PENDING)
cmqx8qbp2002f1dnokx14tq9j,cmn5f50lb000e1dqsk7ml9rr6,5004165,6881,INTERESTED,2026-06-28T03:40:00.454Z,2026-06-28T03:39:59.798Z,2026-06-28T03:40:00.505Z,EXCLUDED
cmqx8qhq4002h1dnop4wkbwyl,cmn5f50lb000e1dqsk7ml9rr6,5004165,6882,INTERESTED,2026-06-28T03:40:08.525Z,2026-06-28T03:40:07.612Z,2026-06-28T03:40:08.557Z,CLEARED(PENDING)
cmqx8z01h002t1dnovg142hs0,cmn5f50lb000e1dqsk7ml9rr6,5004165,6887,INTERESTED,2026-06-28T03:46:45.347Z,2026-06-28T03:46:44.597Z,2026-06-28T03:46:45.375Z,CLEARED(PENDING)
cmqx8z6wj002v1dnoe79ecmaq,cmn5f50lb000e1dqsk7ml9rr6,5004165,6888,INTERESTED,2026-06-28T03:46:54.443Z,2026-06-28T03:46:53.491Z,2026-06-28T03:46:54.516Z,CLEARED(PENDING)
cmqx91rxc002x1dnogvyiom96,cmn5f50lb000e1dqsk7ml9rr6,5004165,6894,INTERESTED,2026-06-28T03:48:54.845Z,2026-06-28T03:48:54.048Z,2026-06-28T03:48:54.898Z,CLEARED(PENDING)
cmqx91uej002z1dnoc4523pdt,cmn5f50lb000e1dqsk7ml9rr6,5004165,6895,INTERESTED,2026-06-28T03:48:58.253Z,2026-06-28T03:48:57.259Z,2026-06-28T03:48:58.283Z,CLEARED(PENDING)
cmqx91y9400311dnod445g2ta,cmn5f50lb000e1dqsk7ml9rr6,5004165,6896,INTERESTED,2026-06-28T03:49:03.192Z,2026-06-28T03:49:02.248Z,2026-06-28T03:49:03.224Z,CLEARED(PENDING)
cmqx924nb00331dnoatpg891n,cmn5f50lb000e1dqsk7ml9rr6,5004165,6898,INTERESTED,2026-06-28T03:49:11.457Z,2026-06-28T03:49:10.535Z,2026-06-28T03:49:11.491Z,EXCLUDED
cmqx926f900351dnoa3ci80y4,cmn5f50lb000e1dqsk7ml9rr6,5004165,6899,INTERESTED,2026-06-28T03:49:13.796Z,2026-06-28T03:49:12.837Z,2026-06-28T03:49:13.826Z,EXCLUDED
cmqx93i3x00391dnoryoetwtp,cmn5f50lb000e1dqsk7ml9rr6,5004165,6831,INTERESTED,2026-06-28T03:50:15.566Z,2026-06-28T03:50:14.637Z,2026-06-28T03:50:15.595Z,CLEARED(PENDING)
cmqx93x1e003c1dnoi6svo82w,cmn5f50lb000e1dqsk7ml9rr6,5004165,6834,INTERESTED,2026-06-28T03:50:34.898Z,2026-06-28T03:50:33.986Z,2026-06-28T03:50:34.929Z,EXCLUDED
cmqx93y84003e1dnoqs40krh6,cmn5f50lb000e1dqsk7ml9rr6,5004165,6835,INTERESTED,2026-06-28T03:50:36.487Z,2026-06-28T03:50:35.524Z,2026-06-28T03:50:36.516Z,CLEARED(PENDING)
cmqx948pn003g1dnos9spaaqv,cmn5f50lb000e1dqsk7ml9rr6,5004165,6838,INTERESTED,2026-06-28T03:50:50.043Z,2026-06-28T03:50:49.115Z,2026-06-28T03:50:50.094Z,CLEARED(PENDING)
cmqx94ht5003i1dnojj6coqok,cmn5f50lb000e1dqsk7ml9rr6,5004165,6839,INTERESTED,2026-06-28T03:51:01.776Z,2026-06-28T03:51:00.905Z,2026-06-28T03:51:01.830Z,CLEARED(PENDING)
cmqx95q2o003o1dnobt5gpotg,cmn5f50lb000e1dqsk7ml9rr6,5004165,6843,INTERESTED,2026-06-28T03:51:59.234Z,2026-06-28T03:51:58.272Z,2026-06-28T03:51:59.267Z,EXCLUDED
cmqx95tg5003q1dnoniex3uyx,cmn5f50lb000e1dqsk7ml9rr6,5004165,6844,INTERESTED,2026-06-28T03:52:03.567Z,2026-06-28T03:52:02.645Z,2026-06-28T03:52:03.621Z,EXCLUDED
cmqx96t1z003u1dnoztt5qmld,cmn5f50lb000e1dqsk7ml9rr6,5004165,6640,INTERESTED,2026-06-28T03:52:49.702Z,2026-06-28T03:52:48.791Z,2026-06-28T03:52:49.731Z,CLEARED(PENDING)
cmqx97cwy00401dnoxfwpq7qb,cmn5f50lb000e1dqsk7ml9rr6,5004165,2907,INTERESTED,2026-06-28T03:53:15.507Z,2026-06-28T03:53:14.530Z,2026-06-28T03:53:15.540Z,EXCLUDED
cmqx97dwo00421dnohm728p5q,cmn5f50lb000e1dqsk7ml9rr6,5004165,2908,INTERESTED,2026-06-28T03:53:16.753Z,2026-06-28T03:53:15.816Z,2026-06-28T03:53:16.783Z,EXCLUDED
cmqx97jwk00441dnob81dr3eg,cmn5f50lb000e1dqsk7ml9rr6,5004165,2910,INTERESTED,2026-06-28T03:53:24.527Z,2026-06-28T03:53:23.588Z,2026-06-28T03:53:24.555Z,EXCLUDED
cmqx9875g00461dno0sp89wdv,cmn5f50lb000e1dqsk7ml9rr6,5004165,2914,INTERESTED,2026-06-28T03:53:54.628Z,2026-06-28T03:53:53.716Z,2026-06-28T03:53:54.657Z,EXCLUDED
cmqx98aoj00481dnohkj8krsi,cmn5f50lb000e1dqsk7ml9rr6,5004165,2915,INTERESTED,2026-06-28T03:53:59.233Z,2026-06-28T03:53:58.291Z,2026-06-28T03:53:59.260Z,EXCLUDED
cmpzk5jq7007b1dprf8ddap7x,cmoaza9e6001s1do775js3pau,5004395,6359,WANT_TO_APPLY,2026-06-04T13:57:15.902Z,2026-06-04T13:55:35.839Z,2026-06-04T13:57:17.206Z,CLEARED(PENDING)
cmpzk5nji007f1dprq34z3b97,cmoaza9e6001s1do775js3pau,5004395,6376,WANT_TO_APPLY,2026-06-04T13:57:15.902Z,2026-06-04T13:55:40.782Z,2026-06-04T13:57:17.338Z,CLEARED(PENDING)
cmoldocjm000j1dlatlxdavhn,cmohznx29000o1do72xwshwyl,5004405,4373,INTERESTED,2026-04-30T11:13:31.536Z,2026-04-30T11:05:46.882Z,2026-05-02T22:51:41.349Z,CLEARED(UNANSWERED)
cmolaecwe002e1dmosaehpp0i,cmo9lmkvd002r1dqps7utcnmv,5004344,4399,INTERESTED,2026-04-30T09:34:00.993Z,2026-04-30T09:34:01.934Z,2026-04-30T09:34:01.934Z,CLEARED(UNANSWERED)
cmomkt93100281dlmy5ep1anz,cmnrbjwjt00001drwft72bmr4,5004292,4144,WANT_TO_APPLY,2026-05-01T12:22:06.543Z,2026-05-01T07:13:19.165Z,2026-05-02T22:51:27.818Z,CLEARED(SELECTION_ENDED)
cmomvudz700051dpp79tzl79w,cmnrbjwjt00001drwft72bmr4,5004292,3628,WANT_TO_APPLY,2026-05-01T12:22:06.543Z,2026-05-01T12:22:07.939Z,2026-05-02T22:51:27.674Z,CLEARED(SELECTION_ENDED)
cmomktd3y00291dlmswqqf94l,cmnrbjwjt00001drwft72bmr4,5004292,4145,WANT_TO_APPLY,2026-05-01T12:22:06.543Z,2026-05-01T07:13:24.382Z,2026-05-02T22:51:27.885Z,CLEARED(SELECTION_ENDED)
cmomkrymj00251dlmwfs453uo,cmnrbjwjt00001drwft72bmr4,5004292,4143,WANT_TO_APPLY,2026-05-01T12:22:06.543Z,2026-05-01T07:12:18.955Z,2026-05-02T22:51:27.745Z,CLEARED(SELECTION_ENDED)
cmomvu7so00011dppb76q6rsr,cmnrbjwjt00001drwft72bmr4,5004292,3625,WANT_TO_APPLY,2026-05-01T12:22:06.543Z,2026-05-01T12:21:59.928Z,2026-05-02T22:51:27.202Z,CLEARED(SELECTION_ENDED)
cmpo76ny0000q1duo9lx2ihgb,cmnrbjwjt00001drwft72bmr4,5004292,5832,WANT_TO_APPLY,2026-05-27T15:07:06.025Z,2026-05-27T15:07:05.016Z,2026-05-27T15:07:06.058Z,CLEARED(UNANSWERED)
cmpo8kivh00241duobl223pdr,cmnrbjwjt00001drwft72bmr4,5004292,4146,WANT_TO_APPLY,2026-05-27T15:45:52.630Z,2026-05-27T15:45:51.245Z,2026-05-27T15:45:52.742Z,CLEARED(UNANSWERED)
cmpo8vd3w002e1duot2d83thf,cmnrbjwjt00001drwft72bmr4,5004292,4140,WANT_TO_APPLY,2026-05-27T15:54:18.099Z,2026-05-27T15:54:16.988Z,2026-05-27T15:54:18.139Z,CLEARED(UNANSWERED)
cmomsgpqh004s1dlmvjhihb3l,cmolavpzy002f1dmogbdr8738,5004595,4462,WANT_TO_APPLY,2026-05-22T05:33:01.013Z,2026-05-01T10:47:31.145Z,2026-05-22T05:33:02.544Z,EXCLUDED
cmomrkugp003z1dlmpphqbg7a,cmolavpzy002f1dmogbdr8738,5004595,4489,WANT_TO_APPLY,2026-05-22T05:33:01.013Z,2026-05-01T10:22:44.281Z,2026-05-22T05:33:02.588Z,EXCLUDED
cmomrn89200471dlmamzcqmcl,cmolavpzy002f1dmogbdr8738,5004595,4472,INTERESTED,2026-05-01T11:02:14.640Z,2026-05-01T10:24:35.462Z,2026-05-02T22:51:44.222Z,EXCLUDED
cmomrkns2003y1dlm5ouiazpp,cmolavpzy002f1dmogbdr8738,5004595,4492,INTERESTED,2026-05-01T11:02:14.640Z,2026-05-01T10:22:35.617Z,2026-05-02T22:51:44.079Z,EXCLUDED
cmomrif2n003x1dlmrmnd7ujw,cmolavpzy002f1dmogbdr8738,5004595,4503,INTERESTED,2026-05-01T11:02:14.640Z,2026-05-01T10:20:51.023Z,2026-05-02T22:51:44.045Z,EXCLUDED
cmp6eq2bm00471dqqfajy4rx8,cmolavpzy002f1dmogbdr8738,5004595,5000,INTERESTED,2026-05-22T05:33:01.013Z,2026-05-15T04:18:16.258Z,2026-05-22T05:33:02.740Z,EXCLUDED
cmp6eoxsj00431dqq5u4ybeqo,cmolavpzy002f1dmogbdr8738,5004595,5008,INTERESTED,2026-05-22T05:33:01.013Z,2026-05-15T04:17:23.731Z,2026-05-22T05:33:03.092Z,EXCLUDED
cmp6er3of004b1dqq0n2pbx6d,cmolavpzy002f1dmogbdr8738,5004595,5009,INTERESTED,2026-05-22T05:33:01.013Z,2026-05-15T04:19:04.671Z,2026-05-22T05:33:03.143Z,EXCLUDED
cmooxrac0000f1dmr03bzqe3u,cmmoi0ypd00041dukxj973xuc,5004163,3508,WANT_TO_APPLY,2026-04-12T02:59:18.243Z,2026-05-02T22:51:14.832Z,2026-05-02T22:51:14.832Z,EXCLUDED
cmooxranw000i1dmrnu3ajcxv,cmmoi0ypd00041dukxj973xuc,5004163,3527,WANT_TO_APPLY,2026-04-12T02:59:18.243Z,2026-05-02T22:51:15.260Z,2026-05-02T22:51:15.260Z,EXCLUDED
cmooxrapu000j1dmrt3wb4rgw,cmmoi0ypd00041dukxj973xuc,5004163,3507,WANT_TO_APPLY,2026-04-12T07:52:00.855Z,2026-05-02T22:51:15.330Z,2026-05-02T22:51:15.330Z,EXCLUDED
cmr440i9c000d1dpasww76nrm,cmmn4jipg00011dqt23w1q3bk,5999999,3220,INTERESTED,2026-07-03T07:52:12.828Z,2026-07-02T23:02:20.016Z,2026-07-03T07:52:12.891Z,CLEARED(UNANSWERED)
cmooxrryn005q1dmrski33dm9,cmnzhxckr001n1dmv2yb81sbb,5004359,3839,INTERESTED,2026-04-17T07:16:07.378Z,2026-05-02T22:51:37.679Z,2026-05-02T22:51:37.679Z,CLEARED(PENDING)
cmooxrrzj005r1dmrwhxfr7g1,cmnzhxckr001n1dmv2yb81sbb,5004359,3845,INTERESTED,2026-04-17T07:16:07.378Z,2026-05-02T22:51:37.711Z,2026-05-02T22:51:37.711Z,CLEARED(PENDING)
cmooxrs0l005s1dmrxfqkegf1,cmnzhxckr001n1dmv2yb81sbb,5004359,3848,INTERESTED,2026-04-17T07:16:07.378Z,2026-05-02T22:51:37.749Z,2026-05-02T22:51:37.749Z,CLEARED(PENDING)
cmooxrs1f005t1dmr121jtcnc,cmnzhxckr001n1dmv2yb81sbb,5004359,3849,INTERESTED,2026-04-17T07:16:07.378Z,2026-05-02T22:51:37.779Z,2026-05-02T22:51:37.779Z,CLEARED(PENDING)
cmooxrs2a005u1dmra7cr4q3f,cmnzhxckr001n1dmv2yb81sbb,5004359,3853,INTERESTED,2026-04-17T07:16:07.378Z,2026-05-02T22:51:37.810Z,2026-05-02T22:51:37.810Z,CLEARED(PENDING)
cmooxrs3a005v1dmr9ruyuwlv,cmnzhxckr001n1dmv2yb81sbb,5004359,3867,INTERESTED,2026-04-17T07:16:07.378Z,2026-05-02T22:51:37.846Z,2026-05-02T22:51:37.846Z,CLEARED(PENDING)
cmooxrs46005w1dmr3jb5kw05,cmnzhxckr001n1dmv2yb81sbb,5004359,3852,INTERESTED,2026-04-17T07:45:53.957Z,2026-05-02T22:51:37.878Z,2026-05-02T22:51:37.878Z,CLEARED(PENDING)
cmorcj62100421dmpjb2h79eq,cmoh75xhi008h1dnv2yvagi4e,5004357,4347,INTERESTED,2026-05-05T12:41:32.581Z,2026-05-04T15:20:22.633Z,2026-05-05T12:41:34.718Z,EXCLUDED
cmoskvv8n004r1dmplrimd7bm,cmoh75xhi008h1dnv2yvagi4e,5004357,4336,INTERESTED,2026-05-05T12:41:32.581Z,2026-05-05T12:01:58.247Z,2026-05-05T12:41:34.632Z,EXCLUDED
cmoskru58004p1dmpz6eezatb,cmoh75xhi008h1dnv2yvagi4e,5004357,4335,INTERESTED,2026-05-05T12:41:32.581Z,2026-05-05T11:58:50.204Z,2026-05-05T12:41:34.609Z,EXCLUDED
cmoslmyvx004v1dmp96y5fdnv,cmoh75xhi008h1dnv2yvagi4e,5004357,4338,WANT_TO_APPLY,2026-05-09T00:02:22.328Z,2026-05-05T12:23:02.684Z,2026-05-09T00:02:22.412Z,EXCLUDED
cmoslmgrw004t1dmp3sxv2qma,cmoh75xhi008h1dnv2yvagi4e,5004357,4339,INTERESTED,2026-05-05T12:41:32.581Z,2026-05-05T12:22:39.212Z,2026-05-05T12:41:34.675Z,EXCLUDED
cmorcj5im00401dmppc3ccg27,cmoh75xhi008h1dnv2yvagi4e,5004357,4346,INTERESTED,2026-05-05T12:41:32.581Z,2026-05-04T15:20:21.934Z,2026-05-05T12:41:34.695Z,EXCLUDED
cmotshq6r005r1dmp3qu09c35,cmnyhgpi700c31do940f17609,5004312,4585,INTERESTED,2026-05-06T08:36:57.680Z,2026-05-06T08:22:41.619Z,2026-05-06T08:36:59.335Z,EXCLUDED
cmotsgyqv005n1dmp9oeiwbsb,cmnyhgpi700c31do940f17609,5004312,4587,INTERESTED,2026-05-06T08:36:57.680Z,2026-05-06T08:22:06.055Z,2026-05-06T08:36:59.377Z,EXCLUDED
cmotsh2gk005p1dmp9wdo56qw,cmnyhgpi700c31do940f17609,5004312,4586,INTERESTED,2026-05-06T08:36:57.680Z,2026-05-06T08:22:10.868Z,2026-05-06T08:36:59.357Z,EXCLUDED
cmotruvj6005l1dmpgr2rufyb,cmnyhgpi700c31do940f17609,5004312,4098,INTERESTED,2026-05-06T08:36:57.680Z,2026-05-06T08:04:55.458Z,2026-05-06T08:36:59.270Z,EXCLUDED
cmpqwdbk8008s1dp528ueh7jt,cmnyhgpi700c31do940f17609,5004312,5501,WANT_TO_APPLY,2026-05-29T12:28:22.382Z,2026-05-29T12:27:38.312Z,2026-05-29T12:28:24.032Z,EXCLUDED
cmpqwcrmr008m1dp5lkgbbfza,cmnyhgpi700c31do940f17609,5004312,5498,WANT_TO_APPLY,2026-05-29T12:28:22.382Z,2026-05-29T12:27:12.483Z,2026-05-29T12:28:23.989Z,EXCLUDED
cmpqwcx6v008q1dp5zlddip3m,cmnyhgpi700c31do940f17609,5004312,5497,WANT_TO_APPLY,2026-05-29T12:28:22.382Z,2026-05-29T12:27:19.687Z,2026-05-29T12:28:23.913Z,EXCLUDED
cmozy9uea006q1doshoz29uws,cmobia7hq003v1dpfadigz2t3,5004272,4593,WANT_TO_APPLY,2026-05-10T16:01:24.412Z,2026-05-10T15:51:08.578Z,2026-05-10T16:01:26.007Z,CLEARED(PENDING)
cmozycw06006u1dosgxd31o05,cmobia7hq003v1dpfadigz2t3,5004272,4599,WANT_TO_APPLY,2026-05-10T16:01:24.412Z,2026-05-10T15:53:30.630Z,2026-05-10T16:01:27.201Z,EXCLUDED
cmowrcb1y00671dqzpj6w7hnk,cmomk3r5j001y1dlmvdd9vurv,5004419,4575,WANT_TO_APPLY,2026-05-08T10:13:49.803Z,2026-05-08T10:13:47.638Z,2026-05-08T10:13:49.872Z,CLEARED(PENDING)
cmpuua3z3008r1dph6q0kv4f1,cmomk3r5j001y1dlmvdd9vurv,5004419,5783,INTERESTED,2026-06-01T06:40:08.483Z,2026-06-01T06:40:13.983Z,2026-06-01T06:40:15.154Z,CLEARED(PENDING)
cmpuwsbxm009v1dphrgein0xt,cmomk3r5j001y1dlmvdd9vurv,5004419,5659,WANT_TO_APPLY,2026-06-01T08:07:30.514Z,2026-06-01T07:50:23.338Z,2026-06-01T08:07:32.275Z,EXCLUDED
cmpuhia60003p1dphiwlv4hee,cmomk3r5j001y1dlmvdd9vurv,5004419,6053,INTERESTED,2026-06-01T00:42:40.891Z,2026-06-01T00:42:40.248Z,2026-06-01T00:42:41.386Z,CLEARED(PENDING)
cmpuwgx9q009p1dphg01j7w8b,cmomk3r5j001y1dlmvdd9vurv,5004419,5660,INTERESTED,2026-06-01T07:41:31.052Z,2026-06-01T07:41:31.118Z,2026-06-01T07:41:31.118Z,CLEARED(PENDING)
cmpuhw5qh003v1dphec7d8hla,cmomk3r5j001y1dlmvdd9vurv,5004419,5777,INTERESTED,2026-06-01T00:53:29.093Z,2026-06-01T00:53:27.689Z,2026-06-01T00:53:29.183Z,CLEARED(PENDING)
cmpuhw7yz003x1dphniil23qt,cmomk3r5j001y1dlmvdd9vurv,5004419,5778,INTERESTED,2026-06-01T00:53:31.601Z,2026-06-01T00:53:30.587Z,2026-06-01T00:53:31.633Z,CLEARED(PENDING)
cmpuu3j55008h1dph390gy11w,cmomk3r5j001y1dlmvdd9vurv,5004419,6051,INTERESTED,2026-06-01T06:35:04.949Z,2026-06-01T06:35:07.049Z,2026-06-01T06:35:08.067Z,CLEARED(PENDING)
cmpuhalck003m1dphs629xixx,cmomk3r5j001y1dlmvdd9vurv,5004419,6052,WANT_TO_APPLY,2026-06-01T07:57:44.323Z,2026-06-01T00:36:41.492Z,2026-06-01T07:57:44.400Z,CLEARED(PENDING)
cmpuxctmf00bl1dphmt51ymcd,cmomk3r5j001y1dlmvdd9vurv,5004419,4563,WANT_TO_APPLY,2026-06-01T08:07:30.514Z,2026-06-01T08:06:19.383Z,2026-06-01T08:07:31.845Z,EXCLUDED
cmpuuar4w008t1dphyhz2w2ku,cmomk3r5j001y1dlmvdd9vurv,5004419,5653,WANT_TO_APPLY,2026-06-01T08:07:30.514Z,2026-06-01T06:40:44.000Z,2026-06-01T08:07:32.018Z,EXCLUDED
cmpuwqwxf009q1dphq4j47pih,cmomk3r5j001y1dlmvdd9vurv,5004419,5657,WANT_TO_APPLY,2026-06-01T08:07:30.514Z,2026-06-01T07:49:17.235Z,2026-06-01T08:07:32.173Z,EXCLUDED
cmpap7cmj00881dphpw2m3g5w,cmp25nals002s1dmrykq2ipyi,5007795,5172,INTERESTED,2026-05-18T04:22:44.893Z,2026-05-18T04:22:43.627Z,2026-05-18T04:22:44.938Z,EXCLUDED
cmpap06qu007y1dphd3g2m7bg,cmp25nals002s1dmrykq2ipyi,5007795,5179,INTERESTED,2026-05-18T04:17:10.009Z,2026-05-18T04:17:09.414Z,2026-05-18T04:17:10.075Z,EXCLUDED
cmpap0tnd00821dphhqzbayg1,cmp25nals002s1dmrykq2ipyi,5007795,5178,INTERESTED,2026-05-18T04:17:40.147Z,2026-05-18T04:17:39.097Z,2026-05-18T04:17:40.196Z,EXCLUDED
cmpappcwe00961dphjfjmimar,cmp25nals002s1dmrykq2ipyi,5007795,5169,INTERESTED,2026-05-18T04:36:45.103Z,2026-05-18T04:36:43.790Z,2026-05-18T04:36:45.134Z,EXCLUDED
cmp7j7gzh000i1dmtuvrmeaub,cmp6gpegs00021do5iecvbw64,5007904,5186,WANT_TO_APPLY,2026-05-18T04:43:29.787Z,2026-05-15T23:11:33.053Z,2026-05-18T04:43:31.328Z,CLEARED(SELECTION_ENDED)
cmp7j4ael00061dmtp5qcdbg9,cmp6gpegs00021do5iecvbw64,5007904,5192,WANT_TO_APPLY,2026-05-18T04:43:29.787Z,2026-05-15T23:09:04.557Z,2026-05-18T04:43:31.407Z,EXCLUDED
cmpbs9t1s00151dn1mn5y44e5,cmp6gpegs00021do5iecvbw64,5007904,5265,WANT_TO_APPLY,2026-05-19T13:03:15.364Z,2026-05-18T22:36:23.247Z,2026-05-19T13:03:17.321Z,EXCLUDED
cmp7j4ead00081dmtohrm4xdx,cmp6gpegs00021do5iecvbw64,5007904,5184,WANT_TO_APPLY,2026-05-18T04:43:29.787Z,2026-05-15T23:09:09.589Z,2026-05-18T04:43:31.215Z,EXCLUDED
cmpbsaa6100171dn1tpwt5du7,cmp6gpegs00021do5iecvbw64,5007904,5267,WANT_TO_APPLY,2026-05-19T13:03:15.364Z,2026-05-18T22:36:45.433Z,2026-05-19T13:03:17.370Z,EXCLUDED
cmpbs8fai00131dn1teocvcoj,cmp6gpegs00021do5iecvbw64,5007904,5259,WANT_TO_APPLY,2026-05-18T22:47:48.498Z,2026-05-18T22:35:18.762Z,2026-05-18T22:47:50.392Z,EXCLUDED
cmpbsfzyv001p1dn1qiqz1upa,cmp6gpegs00021do5iecvbw64,5007904,5256,WANT_TO_APPLY,2026-05-18T22:47:48.498Z,2026-05-18T22:41:12.151Z,2026-05-18T22:47:50.179Z,EXCLUDED
cmpcn839t00lt1dn1k8b8eiq4,cmp6gpegs00021do5iecvbw64,5007904,5261,WANT_TO_APPLY,2026-05-19T13:03:15.364Z,2026-05-19T13:02:51.280Z,2026-05-19T13:03:17.241Z,EXCLUDED
cmpcn7pa200ll1dn1xuyh627f,cmp6gpegs00021do5iecvbw64,5007904,5328,WANT_TO_APPLY,2026-05-19T13:03:15.364Z,2026-05-19T13:02:33.146Z,2026-05-19T13:03:17.460Z,EXCLUDED
cmpetzlju00n31dmkuq5996ku,cmp6gpegs00021do5iecvbw64,5007904,5523,INTERESTED,2026-05-21T02:04:08.738Z,2026-05-21T01:47:44.730Z,2026-05-21T02:04:08.803Z,CLEARED(PENDING)
cmp4upt9f00371do5ztmk9jsx,cmov81ua600071dqm13z85bgh,5005695,4897,WANT_TO_APPLY,2026-05-14T02:24:25.052Z,2026-05-14T02:10:26.019Z,2026-05-14T02:24:26.975Z,EXCLUDED
cmp4upu4p003b1do543brgfig,cmov81ua600071dqm13z85bgh,5005695,4898,INTERESTED,2026-05-14T02:24:25.052Z,2026-05-14T02:10:27.145Z,2026-05-14T02:24:27.006Z,EXCLUDED
cmp4upwrr003d1do50mwiwzll,cmov81ua600071dqm13z85bgh,5005695,4899,WANT_TO_APPLY,2026-05-14T02:24:25.052Z,2026-05-14T02:10:30.567Z,2026-05-14T02:24:27.039Z,EXCLUDED
cmp4uv1qt003k1do5pl8ariya,cmov81ua600071dqm13z85bgh,5005695,4904,INTERESTED,2026-05-14T02:24:25.052Z,2026-05-14T02:14:30.293Z,2026-05-14T02:24:27.067Z,EXCLUDED
cmp5kby4k00ei1do5mzvkdeoy,cmogrgxeq004s1dnvimkuxehk,5004402,5097,WANT_TO_APPLY,2026-05-18T01:00:53.838Z,2026-05-14T14:07:29.156Z,2026-05-18T01:00:57.459Z,CLEARED(PENDING)
cmpbay7lb00i01dphpk4172op,cmoz5jba600131dos5kors0cl,5004469,4941,INTERESTED,2026-05-18T14:31:30.616Z,2026-05-18T14:31:28.751Z,2026-05-18T14:31:30.672Z,EXCLUDED
cmpbay6ev00hy1dph8ed8qo1m,cmoz5jba600131dos5kors0cl,5004469,4940,INTERESTED,2026-05-18T14:31:28.215Z,2026-05-18T14:31:27.223Z,2026-05-18T14:31:28.267Z,EXCLUDED
cmpbay8aa00i11dph8ld36fh5,cmoz5jba600131dos5kors0cl,5004469,4942,INTERESTED,2026-05-18T14:31:30.616Z,2026-05-18T14:31:29.650Z,2026-05-18T14:31:30.714Z,EXCLUDED
cmpbay9qx00i41dphjulethko,cmoz5jba600131dos5kors0cl,5004469,4943,INTERESTED,2026-05-18T14:31:32.527Z,2026-05-18T14:31:31.545Z,2026-05-18T14:31:32.571Z,EXCLUDED
cmp6mvizk009l1dqq4ctfwjsy,cmov83xp5000e1dqmy7hgn9tx,5005795,4836,WANT_TO_APPLY,2026-05-19T06:27:42.284Z,2026-05-15T08:06:28.064Z,2026-05-19T06:27:44.255Z,CLEARED(SELECTION_ENDED)
cmpc8ffe800a61dn14w7ys78b,cmov83xp5000e1dqmy7hgn9tx,5005795,5070,WANT_TO_APPLY,2026-05-19T06:27:42.284Z,2026-05-19T06:08:39.344Z,2026-05-19T06:27:44.373Z,CLEARED(IN_SELECTION)
cmpc90vaj00az1dn1xaw60jd5,cmov83xp5000e1dqmy7hgn9tx,5005795,5071,INTERESTED,2026-05-19T06:27:42.284Z,2026-05-19T06:25:19.723Z,2026-05-19T06:27:44.410Z,CLEARED(PENDING)
cmpc92o4f00c21dn1s97r7oo2,cmov83xp5000e1dqmy7hgn9tx,5005795,5073,WANT_TO_APPLY,2026-05-19T06:27:42.284Z,2026-05-19T06:26:43.743Z,2026-05-19T06:27:44.456Z,CLEARED(SELECTION_ENDED)
cmpc8ax2h00a21dn1azr4ekjo,cmov83xp5000e1dqmy7hgn9tx,5005795,5075,WANT_TO_APPLY,2026-05-19T06:27:42.284Z,2026-05-19T06:05:08.969Z,2026-05-19T06:27:44.498Z,CLEARED(SELECTION_ENDED)
cmpc92pd200c41dn1luyb2fv1,cmov83xp5000e1dqmy7hgn9tx,5005795,5076,WANT_TO_APPLY,2026-05-19T06:27:42.284Z,2026-05-19T06:26:45.350Z,2026-05-19T06:27:44.547Z,CLEARED(IN_SELECTION)
cmpceyvfc00fk1dn1p9ltkahp,cmp0xsqz200131dmr6j3pj44m,5007295,5144,WANT_TO_APPLY,2026-05-19T09:22:56.003Z,2026-05-19T09:11:44.280Z,2026-05-19T09:22:57.638Z,EXCLUDED
cmpeuljwy00nt1dmkissiup5d,cmp6pqz4x00dg1dqq7apmboo3,5007911,5460,INTERESTED,2026-05-21T02:24:31.165Z,2026-05-21T02:04:49.042Z,2026-05-21T02:24:32.934Z,CLEARED(PENDING)
cmpeusi5l00oc1dmkp0hdjefb,cmp6pqz4x00dg1dqq7apmboo3,5007911,5464,INTERESTED,2026-05-21T02:24:31.165Z,2026-05-21T02:10:13.353Z,2026-05-21T02:24:33.999Z,CLEARED(PENDING)
cmpmal4nq001a1dnv50fqt7gp,cmp6pqz4x00dg1dqq7apmboo3,5007911,5459,INTERESTED,2026-05-26T07:07:08.864Z,2026-05-26T07:06:46.358Z,2026-05-26T07:07:08.916Z,CLEARED(PENDING)
cmqjaklq900fa1do3et59jdwz,cmp6pods600161do5xnaj8e17,5007910,5889,WANT_TO_APPLY,2026-06-18T09:22:46.566Z,2026-06-18T09:22:45.633Z,2026-06-18T09:22:46.590Z,CLEARED(PENDING)
cmq5z966600211dpkimlyn98q,cmlqp43ee02dyss4fsaijk4o3,5003186,5785,INTERESTED,2026-06-09T01:44:56.996Z,2026-06-09T01:44:56.190Z,2026-06-09T01:44:57.428Z,EXCLUDED
cmqtbk2jf00et1dt68yc78e72,cmlqp43ee02dyss4fsaijk4o3,5003186,7686,INTERESTED,2026-06-25T09:48:03.066Z,2026-06-25T09:48:02.139Z,2026-06-25T09:48:03.093Z,EXCLUDED
cmr1vy8ui004z1dp4t0n34k3j,cmlqp43ee02dyss4fsaijk4o3,5003186,8149,INTERESTED,2026-07-01T09:41:06.084Z,2026-07-01T09:41:05.226Z,2026-07-01T09:41:06.104Z,EXCLUDED
cmpx9uu0d00le1dmuj405twnt,cmpbv70fb003k1dn1g01p21nr,5007925,6241,INTERESTED,2026-06-02T23:32:13.847Z,2026-06-02T23:31:47.437Z,2026-06-02T23:32:16.625Z,CLEARED(PENDING)
cmpx9uwif00li1dmuap0xyxip,cmpbv70fb003k1dn1g01p21nr,5007925,6245,INTERESTED,2026-06-02T23:32:13.847Z,2026-06-02T23:31:50.679Z,2026-06-02T23:32:16.721Z,CLEARED(UNANSWERED)
cmpla62y900171dmkyb5xj7zr,cmpau8pt700ch1dphz6l00pqu,5007919,5614,WANT_TO_APPLY,2026-05-25T14:07:19.078Z,2026-05-25T14:07:18.129Z,2026-05-25T14:07:19.125Z,EXCLUDED
cmplytwei005n1dmkwhsguxsb,cmpaywx0p00191dmtrch55zvc,5007922,5575,INTERESTED,2026-05-26T01:37:40.267Z,2026-05-26T01:37:40.170Z,2026-05-26T01:37:40.336Z,EXCLUDED
cmpo5y98300081duoppvbfqlo,cmpi7s8ke003w1dpcgwsib6xr,5007945,5886,WANT_TO_APPLY,2026-05-27T14:32:34.081Z,2026-05-27T14:32:33.074Z,2026-05-27T14:32:34.130Z,CLEARED(UNANSWERED)
cmppfwyie00gx1duotskj8uum,cmpmcwfmv002r1dnvo422y3mu,5007976,5945,INTERESTED,2026-05-28T11:59:15.911Z,2026-05-28T11:59:14.870Z,2026-05-28T11:59:15.947Z,CLEARED(UNANSWERED)
cmprrqxwm00131dulyl9hws5e,cmmsigcq800081dmf5q9hkxe7,5004138,5987,INTERESTED,2026-05-31T12:15:41.144Z,2026-05-30T03:06:01.894Z,2026-05-31T12:15:44.396Z,EXCLUDED
cmpr2jd2t009c1dp52xipy2zw,cmpl8242q000n1dpl4nl6n4iz,5007966,6005,WANT_TO_APPLY,2026-06-05T03:32:08.141Z,2026-05-29T15:20:17.909Z,2026-06-05T03:32:10.001Z,CLEARED(PENDING)
cmpr2ox5f009i1dp5zx6n9bt6,cmpl8242q000n1dpl4nl6n4iz,5007966,6009,WANT_TO_APPLY,2026-06-05T03:32:08.141Z,2026-05-29T15:24:37.203Z,2026-06-05T03:32:10.126Z,CLEARED(PENDING)
cmpr3cssd009q1dp5eqtemun1,cmpl8242q000n1dpl4nl6n4iz,5007966,6013,WANT_TO_APPLY,2026-06-05T03:32:08.141Z,2026-05-29T15:43:11.293Z,2026-06-05T03:32:10.244Z,CLEARED(PENDING)
cmpr3gryb009s1dp5xlsf05ti,cmpl8242q000n1dpl4nl6n4iz,5007966,6019,WANT_TO_APPLY,2026-06-05T03:32:08.141Z,2026-05-29T15:46:16.835Z,2026-06-05T03:32:10.289Z,CLEARED(PENDING)
cmpr34f8z009k1dp5arlxn3q0,cmpl8242q000n1dpl4nl6n4iz,5007966,6004,WANT_TO_APPLY,2026-06-05T03:32:08.141Z,2026-05-29T15:36:40.499Z,2026-06-05T03:32:09.879Z,CLEARED(PENDING)
cmq0d9yam00011dmhhng2wsor,cmpl8242q000n1dpl4nl6n4iz,5007966,6012,WANT_TO_APPLY,2026-06-05T03:32:08.141Z,2026-06-05T03:30:50.206Z,2026-06-05T03:32:10.173Z,CLEARED(PENDING)
cmq0daxr300051dmhdh8ngpr1,cmpl8242q000n1dpl4nl6n4iz,5007966,6006,WANT_TO_APPLY,2026-06-05T03:32:08.141Z,2026-06-05T03:31:36.159Z,2026-06-05T03:32:10.055Z,CLEARED(PENDING)
cmqhxit79001t1dpavfveqii7,cmpl8242q000n1dpl4nl6n4iz,5007966,6941,WANT_TO_APPLY,2026-06-17T10:42:25.305Z,2026-06-17T10:29:40.821Z,2026-06-17T10:42:26.702Z,CLEARED(PENDING)
cmqhxksln001w1dpam8wv94l1,cmpl8242q000n1dpl4nl6n4iz,5007966,6943,WANT_TO_APPLY,2026-06-17T10:42:25.305Z,2026-06-17T10:31:13.355Z,2026-06-17T10:42:26.803Z,CLEARED(PENDING)
cmqhw6xqy001u1dpqcu7a7il9,cmpl8242q000n1dpl4nl6n4iz,5007966,6944,WANT_TO_APPLY,2026-06-17T10:42:25.305Z,2026-06-17T09:52:27.225Z,2026-06-17T10:42:26.843Z,CLEARED(PENDING)
cmqhw94gu001y1dpqmmbssjf6,cmpl8242q000n1dpl4nl6n4iz,5007966,6945,WANT_TO_APPLY,2026-06-17T10:42:25.305Z,2026-06-17T09:54:09.246Z,2026-06-17T10:42:26.907Z,CLEARED(PENDING)
cmqhxmrmh001y1dpac46atdzj,cmpl8242q000n1dpl4nl6n4iz,5007966,6946,WANT_TO_APPLY,2026-06-17T10:42:25.305Z,2026-06-17T10:32:45.401Z,2026-06-17T10:42:26.970Z,CLEARED(PENDING)
cmqhxr2hk00211dpaw70s76c2,cmpl8242q000n1dpl4nl6n4iz,5007966,6948,WANT_TO_APPLY,2026-06-17T10:42:25.305Z,2026-06-17T10:36:06.104Z,2026-06-17T10:42:27.033Z,CLEARED(PENDING)
cmqhxv1hv00231dpa1lgxv9j8,cmpl8242q000n1dpl4nl6n4iz,5007966,6950,WANT_TO_APPLY,2026-06-17T10:42:25.305Z,2026-06-17T10:39:11.443Z,2026-06-17T10:42:27.071Z,CLEARED(PENDING)
cmqhxxbq4002a1dpaoln3nz4g,cmpl8242q000n1dpl4nl6n4iz,5007966,6951,WANT_TO_APPLY,2026-06-17T10:42:25.305Z,2026-06-17T10:40:58.012Z,2026-06-17T10:42:27.137Z,CLEARED(PENDING)
cmqhj2cyd00au1dqv5sdwzdya,cmpl8242q000n1dpl4nl6n4iz,5007966,6952,WANT_TO_APPLY,2026-06-17T10:42:25.305Z,2026-06-17T03:44:58.645Z,2026-06-17T10:42:27.177Z,CLEARED(PENDING)
cmqhwb6z800211dpq2qbr7zsq,cmpl8242q000n1dpl4nl6n4iz,5007966,6953,WANT_TO_APPLY,2026-06-17T10:42:25.305Z,2026-06-17T09:55:45.812Z,2026-06-17T10:42:27.221Z,CLEARED(PENDING)
cmqhxfbz5001n1dpa9jm2pqxy,cmpl8242q000n1dpl4nl6n4iz,5007966,6955,WANT_TO_APPLY,2026-06-17T10:42:25.305Z,2026-06-17T10:26:58.529Z,2026-06-17T10:42:27.271Z,CLEARED(PENDING)
cmqsxasd0004c1dt6zluefl26,cmplza6oh007w1dplfrpitwcj,5007970,7571,INTERESTED,2026-06-25T03:08:55.417Z,2026-06-25T03:08:54.420Z,2026-06-25T03:08:55.438Z,EXCLUDED
cmqsy0lyt00531dt6052zr2it,cmplza6oh007w1dplfrpitwcj,5007970,6421,INTERESTED,2026-06-25T03:28:57.900Z,2026-06-25T03:28:59.189Z,2026-06-25T03:28:59.216Z,EXCLUDED
cmpxxam0r010c1dmuu6j52vkk,cmpujhvau00nf1do552g7cw8y,5008008,6334,WANT_TO_APPLY,2026-06-03T10:32:26.379Z,2026-06-03T10:27:54.747Z,2026-06-03T10:32:28.570Z,CLEARED(SELECTION_ENDED)
cmpxxbhxs010e1dmue9f1bqv7,cmpujhvau00nf1do552g7cw8y,5008008,6335,WANT_TO_APPLY,2026-06-03T10:32:26.379Z,2026-06-03T10:28:36.112Z,2026-06-03T10:32:28.611Z,CLEARED(IN_SELECTION)
cmpxx77n801041dmump591ulj,cmpujhvau00nf1do552g7cw8y,5008008,6337,WANT_TO_APPLY,2026-06-03T10:32:26.379Z,2026-06-03T10:25:16.148Z,2026-06-03T10:32:28.702Z,EXCLUDED
cmpxx8cla01061dmuytp1f0v3,cmpujhvau00nf1do552g7cw8y,5008008,6338,WANT_TO_APPLY,2026-06-03T10:32:26.379Z,2026-06-03T10:26:09.214Z,2026-06-03T10:32:28.741Z,CLEARED(SELECTION_ENDED)
cmpxxbknt010g1dmunih3crpz,cmpujhvau00nf1do552g7cw8y,5008008,6290,WANT_TO_APPLY,2026-06-03T10:32:26.379Z,2026-06-03T10:28:39.641Z,2026-06-03T10:32:28.097Z,CLEARED(SELECTION_ENDED)
cmpxxg6bq01191dmur5o7ppbd,cmpujhvau00nf1do552g7cw8y,5008008,6288,WANT_TO_APPLY,2026-06-03T10:32:26.379Z,2026-06-03T10:32:14.342Z,2026-06-03T10:32:28.038Z,CLEARED(IN_SELECTION)
cmpxxbqvc010k1dmud6tffncs,cmpujhvau00nf1do552g7cw8y,5008008,6291,WANT_TO_APPLY,2026-06-03T10:32:26.379Z,2026-06-03T10:28:47.688Z,2026-06-03T10:32:28.140Z,CLEARED(SELECTION_ENDED)
cmpxxctri010o1dmu47vmsg6k,cmpujhvau00nf1do552g7cw8y,5008008,6294,WANT_TO_APPLY,2026-06-03T10:32:26.379Z,2026-06-03T10:29:38.094Z,2026-06-03T10:32:28.185Z,CLEARED(SELECTION_ENDED)
cmpxxd4xk010q1dmuo8hc6ebv,cmpujhvau00nf1do552g7cw8y,5008008,6295,WANT_TO_APPLY,2026-06-03T10:32:26.379Z,2026-06-03T10:29:52.568Z,2026-06-03T10:32:28.228Z,CLEARED(IN_SELECTION)
cmpxxdu6i010s1dmu6p0vjtmi,cmpujhvau00nf1do552g7cw8y,5008008,6297,WANT_TO_APPLY,2026-06-03T10:32:26.379Z,2026-06-03T10:30:25.290Z,2026-06-03T10:32:28.274Z,CLEARED(IN_SELECTION)
cmpxxem6j010w1dmutuupxpbu,cmpujhvau00nf1do552g7cw8y,5008008,6299,WANT_TO_APPLY,2026-06-03T10:32:26.379Z,2026-06-03T10:31:01.579Z,2026-06-03T10:32:28.314Z,CLEARED(SELECTION_ENDED)
cmpxxg3yk01151dmulftzdaxe,cmpujhvau00nf1do552g7cw8y,5008008,6302,WANT_TO_APPLY,2026-06-03T10:32:26.379Z,2026-06-03T10:32:11.276Z,2026-06-03T10:32:28.359Z,CLEARED(SELECTION_ENDED)
cmpxxg5ao01171dmuxu1opinp,cmpujhvau00nf1do552g7cw8y,5008008,6303,WANT_TO_APPLY,2026-06-03T10:32:26.379Z,2026-06-03T10:32:13.008Z,2026-06-03T10:32:28.401Z,CLEARED(IN_SELECTION)
cmpxxfvm201131dmu3lveg8fw,cmpujhvau00nf1do552g7cw8y,5008008,6305,WANT_TO_APPLY,2026-06-03T10:32:26.379Z,2026-06-03T10:32:00.458Z,2026-06-03T10:32:28.442Z,CLEARED(SELECTION_ENDED)
cmpxx9i5s01081dmus4f5bn3o,cmpujhvau00nf1do552g7cw8y,5008008,6332,WANT_TO_APPLY,2026-06-03T10:32:26.379Z,2026-06-03T10:27:03.088Z,2026-06-03T10:32:28.483Z,CLEARED(SELECTION_ENDED)
cmpxxacqg010a1dmu4h31rgg6,cmpujhvau00nf1do552g7cw8y,5008008,6333,WANT_TO_APPLY,2026-06-03T10:32:26.379Z,2026-06-03T10:27:42.712Z,2026-06-03T10:32:28.527Z,CLEARED(SELECTION_ENDED)
cmq8bjb2400181dpeiubf7swm,cmpujhvau00nf1do552g7cw8y,5008008,6688,WANT_TO_APPLY,2026-06-10T23:50:32.360Z,2026-06-10T17:04:16.828Z,2026-06-10T23:50:34.308Z,EXCLUDED
cmq63aadc003g1dpkbg5nqcf2,cmpmoqrxv003g1dpaqzk7r9h3,5007980,6531,INTERESTED,2026-06-09T03:37:47.903Z,2026-06-09T03:37:46.752Z,2026-06-09T03:37:47.932Z,CLEARED(UNANSWERED)
cmqm5r8ii015q1dqm0gruq4s1,cmq07512n00031dt4hh68o8t6,5008036,7301,INTERESTED,2026-06-20T09:31:16.440Z,2026-06-20T09:31:15.546Z,2026-06-20T09:31:16.463Z,CLEARED(UNANSWERED)
cmqtc5gjd00fs1dt6cte8fxao,cmq07512n00031dt4hh68o8t6,5008036,7267,INTERESTED,2026-06-25T10:04:38.857Z,2026-06-25T10:04:40.057Z,2026-06-25T10:04:40.134Z,CLEARED(UNANSWERED)
cmquijg49001o1dqhgs6la1z1,cmq07512n00031dt4hh68o8t6,5008036,7274,INTERESTED,2026-06-26T05:51:17.465Z,2026-06-26T05:51:16.569Z,2026-06-26T05:51:17.504Z,CLEARED(UNANSWERED)
cmqynkkzt00a61dlveqjr4ln2,cmpkvhwq700301dqtg001i6e7,5007959,7871,WANT_TO_APPLY,2026-06-29T03:23:14.764Z,2026-06-29T03:23:12.329Z,2026-06-29T03:23:14.888Z,CLEARED(PENDING)
cmqf2r22n002f1dqvcomci3oa,cmq95bp18000e1doa00pavdwj,5008061,6817,INTERESTED,2026-06-15T10:32:46.089Z,2026-06-15T10:32:45.119Z,2026-06-15T10:32:46.118Z,CLEARED(UNANSWERED)
cmqln49rk011b1dqmuiax83cf,cmqgemrpg00hs1dqlffi4j60g,5008086,7236,WANT_TO_APPLY,2026-06-20T01:20:36.322Z,2026-06-20T00:49:30.992Z,2026-06-20T01:20:40.413Z,EXCLUDED
cmqllnnvr010a1dqmou5mpi3g,cmqgemrpg00hs1dqlffi4j60g,5008086,7211,WANT_TO_APPLY,2026-06-20T00:08:37.376Z,2026-06-20T00:08:36.519Z,2026-06-20T00:08:37.427Z,EXCLUDED
cmqllvikx010g1dqmae9cjhsx,cmqgemrpg00hs1dqlffi4j60g,5008086,7212,WANT_TO_APPLY,2026-06-20T00:14:43.720Z,2026-06-20T00:14:42.897Z,2026-06-20T00:14:43.770Z,CLEARED(PENDING)
cmqog5pvc008o1dnt4hjdhqmd,cmqei9z1i00f01dmouh3j6hv7,5008076,7313,INTERESTED,2026-06-21T23:57:59.998Z,2026-06-21T23:57:59.736Z,2026-06-21T23:58:00.077Z,EXCLUDED
cmqogiffe008u1dnt9g9vxx6y,cmqei9z1i00f01dmouh3j6hv7,5008076,7315,INTERESTED,2026-06-22T00:07:53.720Z,2026-06-22T00:07:52.730Z,2026-06-22T00:07:53.769Z,CLEARED(PENDING)
cmqtp5c6z00pu1dt6e8ymxw6q,cmqos2v4g00bf1dntdh0rmma3,5008108,7585,INTERESTED,2026-06-25T16:08:30.201Z,2026-06-25T16:08:29.435Z,2026-06-25T16:08:30.244Z,CLEARED(PENDING)
cmquosi4l005k1dpmob6606hs,cmolk92q400351dla6nou7e2n,5004411,7744,WANT_TO_APPLY,2026-06-30T09:07:46.889Z,2026-06-26T08:46:16.773Z,2026-06-30T09:07:46.976Z,CLEARED(APPLY)
cmqtvddzb00rg1dt6ybaal3z3,cmqgmb94d00os1dqlflqnp3ij,5008089,7726,INTERESTED,2026-06-25T19:02:43.645Z,2026-06-25T19:02:42.695Z,2026-06-25T19:02:43.672Z,CLEARED(UNANSWERED)
cmqtvdetf00ri1dt6g2dk1bsj,cmqgmb94d00os1dqlflqnp3ij,5008089,7727,INTERESTED,2026-06-25T19:02:45.600Z,2026-06-25T19:02:43.779Z,2026-06-25T19:02:45.649Z,CLEARED(UNANSWERED)
cmqtvdi8100rm1dt6upezomht,cmqgmb94d00os1dqlflqnp3ij,5008089,7708,INTERESTED,2026-06-25T19:02:49.094Z,2026-06-25T19:02:48.193Z,2026-06-25T19:02:49.124Z,CLEARED(UNANSWERED)
cmquy88fi000b1dpqpjdhg4n4,cmqrw5dyh00541doxmsguaj5g,5008117,7810,INTERESTED,2026-06-26T13:10:27.774Z,2026-06-26T13:10:27.246Z,2026-06-26T13:10:27.820Z,CLEARED(PENDING)
cmqvx6blo003l1dt97rr59wkw,cmqhpzjxt00in1dqvq44chr0k,5008091,7643,INTERESTED,2026-06-27T05:28:45.577Z,2026-06-27T05:28:44.604Z,2026-06-27T05:28:45.619Z,EXCLUDED
cmr02tf2z000l1dp4wqv25qyl,cmqsmra3300001dmxfa8fukjo,5008119,8000,INTERESTED,2026-07-02T03:27:37.266Z,2026-06-30T03:17:44.987Z,2026-07-02T03:27:39.549Z,EXCLUDED
cmr2xyzfy005p1dqlgfznd4in,cmqsmra3300001dmxfa8fukjo,5008119,8001,INTERESTED,2026-07-02T03:27:37.266Z,2026-07-02T03:25:25.102Z,2026-07-02T03:27:39.678Z,EXCLUDED
cmr2xz2og005r1dqlv37puyca,cmqsmra3300001dmxfa8fukjo,5008119,8002,INTERESTED,2026-07-02T03:27:37.266Z,2026-07-02T03:25:29.296Z,2026-07-02T03:27:39.788Z,EXCLUDED
cmr0lu05j007j1dphko0ezlrf,cmq7f0n6p002r1dtd9vmvt3z2,5008054,7894,INTERESTED,2026-06-30T12:10:05.254Z,2026-06-30T12:10:04.999Z,2026-06-30T12:10:05.273Z,CLEARED(UNANSWERED)
cmr0luhf2007m1dphf096uiml,cmq7f0n6p002r1dtd9vmvt3z2,5008054,7903,WANT_TO_APPLY,2026-06-30T12:17:00.026Z,2026-06-30T12:10:27.374Z,2026-06-30T12:17:00.067Z,CLEARED(UNANSWERED)
cmr0lttcl007h1dph7uoasu92,cmq7f0n6p002r1dtd9vmvt3z2,5008054,7891,WANT_TO_APPLY,2026-06-30T12:17:36.057Z,2026-06-30T12:09:56.181Z,2026-06-30T12:17:36.075Z,CLEARED(UNANSWERED)
cmr1tsdzs003i1dp4omj51qbf,cmqvztrlr005n1dt9oyht94b3,5008137,8081,INTERESTED,2026-07-01T08:40:33.659Z,2026-07-01T08:40:32.728Z,2026-07-01T08:40:33.677Z,CLEARED(UNANSWERED)
cmr37pq5200ag1dqlxlmonvbu,cmqvztrlr005n1dt9oyht94b3,5008137,8083,INTERESTED,2026-07-02T08:08:40.286Z,2026-07-02T07:58:09.302Z,2026-07-02T08:12:53.739Z,CLEARED(UNANSWERED)
cmr381kax00ay1dqlk6xe356h,cmqvztrlr005n1dt9oyht94b3,5008137,8093,INTERESTED,2026-07-02T08:08:40.286Z,2026-07-02T08:07:21.609Z,2026-07-02T08:15:00.035Z,CLEARED(PENDING)
cmr3860pf00b01dqlrzt6ro8n,cmqvztrlr005n1dt9oyht94b3,5008137,8167,INTERESTED,2026-07-02T08:08:40.286Z,2026-07-02T08:10:49.491Z,2026-07-02T08:15:00.348Z,CLEARED(UNANSWERED)
cmr4ayvj9003m1dphr7ox2hz4,cmqvztrlr005n1dt9oyht94b3,5008137,8089,INTERESTED,2026-07-03T02:17:01.992Z,2026-07-03T02:17:01.221Z,2026-07-03T02:17:02.044Z,CLEARED(UNANSWERED)
